"candidato_id","nome","nome_urna","partido_sigla"
10000608401,"RAQUEL GLEYCIANE SANTOS DE SOUZA","RAQUEL SOUZA","PT"
10000608384,"JOSE SELMO DANTAS ALVES","SELMO DANTAS","PT"
10000608367,"JAMES FELIX DE SOUZA","JAMES FELIX","PT"
10000615663,"MARCUS ALEXANDRE MÉDICI AGUIAR VIANA DA SILVA","MARCUS ALEXANDRE","PT"
10000608366,"JONAS DE SOUZA LIMA","JONAS LIMA","PT"
10000615657,"JORGE NEY VIANA MACEDO NEVES","JORGE VIANA","PT"
10000608371,"JAKSON ROBERO RAMOS DA SILVA","DR. JAKSON RAMOS","PT"
10000615658,"MARIA DE NAZARETH MELLO DE ARAÚJO LAMBERT","NAZARETH ARAÚJO","PT"
10000608382,"KEDMA ABIGAIL ALVES DA SILVA","KEDMA SILVA","PT"
10000608379,"ANTONIO RAIMUNDO MELONIA DE ANDRADE","REAL","PT"
10000608368,"ELINEIDE MEIRELES MEDEIROS","ELINEIDE MEIRELES","PT"
10000615662,"JOSUE BEZERRA DE AMORIM","JOSUÉ AMORIM","PT"
10000608377,"GONTRAN DE FREITAS MACIEL NETO ","GONTRAN NETO","PT"
10000615660,"JOZINEY ALVES AMORIM","NEY AMORIM","PT"
10000608364,"TEMYLLIS LIMA DA SILVA","TEMYLLIS SILVA","PT"
10000608381,"ALDEMIR DA SILVA LOPES","ALDEMIR LOPES","PT"
10000608378,"NILDSON COSTA DE MOURA","PROF. NILDSON IBERNON","PT"
10000608403,"DARLA CRISTINA PENHA ALMEIDA DE OLIVEIRA","DARLA","PT"
10000608376,"ROSANGELA MARIA SOARES DE MELO","PROF. ROSANGELA","PT"
10000608369,"DANIEL QUEIROZ DE SANT ANA","DANIEL ZEN","PT"
10000608400,"RAIMUNDO ANGELIM VASCONCELOS","ANGELIM","PT"
10000608380,"ALBERTO FERNANDES RODRIGUES","ALBERTO FERNANDES ","PT"
10000608365,"ANA LEILA GALVÃO MAIA MOREIRA","LEILA GALVÃO","PT"
10000608399,"LEONARDO CUNHA DE BRITO","LEO DE BRITO","PT"
10000608370,"LOURIVAL MARQUES DE OLIVEIRA FILHO","LOURIVAL MARQUES","PT"
10000608383,"FRANCIMAR FERNANDES DE ALBUQUERQUE","FRANCIMAR FERNANDES","PT"
10000608375,"TEREZINHA SANTANA DA SILVA","TEREZINHA SANTANA","PT"
10000615606,"GLENILSOM ARAÚJO FIGUEIREDO","NIL FIGUEIREDO","PT"
10000608363,"MARIA JOSE RODRIGUES ANTROBOS MATOS","MARIA SOU DO POVO","PT"
10000608398,"SEBASTIÃO SIBA MACHADO OLIVEIRA","SIBÁ MACHADO","PT"
20000606309,"THATIANE NICÁCIO DE ARAÚJO","THATI NICÁCIO","PT"
20000606321,"SANDRA LÚCIA DOS SANTOS LIRA","SANDRA LIRA","PT"
20000606330,"PEDRO JULIÃO PITA DE ARAÚJO","PITA","PT"
20000606336,"LUIZ GOMES DA ROCHA","PROFESSOR LUIZINHO","PT"
20000606310,"FRANCISMAR LINS DOS SANTOS","FRANCISMAR FARMACÊUTICO","PT"
20000606308,"ELIDA RACHEL MIRANDA SOUSA","ELIDA MIRANDA","PT"
20000606323,"JOSEFA MÁRCIA FERREIRA NETO","MÁRCIA MEIRELLYS","PT"
20000606335,"BENEDITO DE OLIVEIRA LIMA","BENEDITO PROCÓPIO","PT"
20000606320,"ANA MARIA PEREIRA","ANA PEREIRA","PT"
20000606338,"MARIA DO SOCORRO DA SILVA OLIVEIRA","MARIA DO SOCORRO","PT"
20000606312,"VERONILDES RODRIGUES DA SILVA","MÃE VERA","PT"
20000606316,"JOSÉ FERNANDES DA COSTA","MAESTRO FERNANDES","PT"
20000606315,"VALDYER RIBEIRO PAIVA","PASTOR VALDYER","PT"
20000606326,"NEILSON ÁVILA DA ROCHA","NEILSON ÁVILA","PT"
20000606327,"CÍCERO LINDOVAL DE OLIVEIRA","JABOQUE","PT"
20000606324,"JOSÉ ANTÔNIO TIMÓTEO DE SOUZA","ANTÔNIO TIMÓTEO","PT"
20000606331,"ROBERTO PEREIRA MARTINS","ROBERTO MARTINS","PT"
20000606325,"JOABSON NASCIMENTO SILVA","JOABSON NASCIMENTO","PT"
20000606322,"DURVAL JOÃO DOS SANTOS NETO","DURVAL GUERREIRO","PT"
20000606328,"JOSELITO DA SILVA","ZELITO MOTOS","PT"
20000606329,"JORGE SEIXAS SERAPIÃO","JORGINHO SEIXAS","PT"
20000606332,"PEDRO PAULO FARIAS DE OLIVEIRA","PEDRO PAULO","PT"
20000606311,"GIZELDA MARIA DA SILVA","PROFESSORA GIZELDA","PT"
20000606313,"FERNANDO CÂNDIDO DO NASCIMENTO","FERNANDO CÂNDIDO","PT"
20000606319,"OTHONIEL PINHEIRO NETO","OTHONIEL PINHEIRO","PT"
20000606337,"ARMANDO DA SILVA","ARMANDO DAS ANTENAS","PT"
20000606333,"DJENANE COSTA D OLIVEIRA HOLANDA","DJENANE","PT"
20000606318,"JOSÉ ARNALDO LISBOA GOMES","ZÉ ARNALDO","PT"
20000606334,"JOSE GONZAGA DE MEDEIROS","ZÉ GONZAGA","PT"
20000621937,"PAULO FERNANDO DOS SANTOS","PAULÃO","PT"
20000606317,"LESSO BENEDITO DOS SANTOS","PROFESSOR LESSO","PT"
20000606307,"GENIVALDO OLIVEIRA DA SILVA","GENIVALDO DA FETAG","PT"
20000606314,"HERMÍNIO DOS SANTOS SILVA","HERMÍNIO","PT"
40000608201,"ALVANIRA SOARES PALMELA","CACICA ALVANIRA","PT"
40000608207,"SINESIO DA SILVA CAMPOS","PROFESSOR SINESIO","PT"
40000608206,"MARIA DE FATIMA TORRES BARBOSA","FATIMA TORRES","PT"
40000608213,"FRANCISCO LUCIANO DOS SANTOS VIEIRA","LUCIANO VIEIRA","PT"
40000608214,"HAROLDO CRUZ NEVES","HAROLDO NEVES","PT"
40000608212,"FRANCISCA IVANETE OLIVEIRA DOS SANTOS SANTANA","IVANETE SANTANA","PT"
40000608209,"EDIVALDO TEIXEIRA LORDEIRO","EDI TEIXEIRA","PT"
40000608217,"MANOEL PESTANA DA GAMA","DR. PESTANA","PT"
40000608218,"MAXILIANO BATISTA BARROS","PROFESSOR MAX","PT"
40000610426,"REBECA RODRIGUES DE OLIVEIRA QUEIROZ","REBECA QUEIROZ","PT"
40000608202,"ANA CLAUDIA CHAVES BANDEIRA DE MELO","ANA CLAUDIA","PT"
40000610425,"MARIA ODIMAR DA SILVA GUIMARAES","ODIMAR GUIMARÃES","PT"
40000604137,"FRANCISCO JORGE RIBEIRO GUIMARÃES","JORGE GUIMARÃES","PT"
40000608219,"PEDRO MALTA DE ARAUJO","PEDRO MALTA ","PT"
40000608224,"WALDEMIR JOSE DA SILVA","WALDEMIR JOSE","PT"
40000610429,"JOSE RICARDO WENDLING","JOSÉ RICARDO","PT"
40000608221,"RAIMUNDO NONATO CORREIA SANTIAGO","RAIMUNDO SANTIAGO","PT"
40000608211,"EDSON DE ARAUJO SANTOS","EDSON DO COMERCIO","PT"
40000608216,"JOÃO PEDRO GONÇALVES DA COSTA","JOAO PEDRO","PT"
40000608215,"JOAO ALVES DA COSTA","JOAO BOLINHO","PT"
40000608222,"RONALD NASCIMENTO DE SEIXAS","RONALD SEIXAS","PT"
40000608220,"PERINNER JOAO FERNANDES ASSIS","PROFESSOR PERINNER ASSIS","PT"
40000608210,"EDIVAN CASTILHO FERREIRA","EDIVAN CASTILHO","PT"
40000608203,"CRISTIANE AMARAL SALES TELLES","CRISTIANE SALES","PT"
40000629879,"MARIA DO PERPÉTUO SOCORRO MARINHO PRADO","SOCORRO PRADO","PT"
40000608204,"ELIANE DA SILVA OLIVEIRA","ELIANE PEIXOTO","PT"
40000610427,"CICERO CUSTÓDIO DA SILVA","SASSÁ DA CONSTRUÇÃO CIVIL","PT"
40000629896,"THIAGO MEDEIROS","THIAGO MEDEIROS","PT"
40000608223,"VALDEMIR DE SOUZA SANTANA","VALDEMIR","PT"
40000608205,"MARIANA FERREIRA VELEZ","MARIANA FERREIRA","PT"
40000608208,"DENIS DA SILVA PEREIRA","PROFESSOR DENIS","PT"
30000604538,"IVANEIA DE SOUZA ALVES","PROFESSORA IVANEIA ALVES","PT"
30000604541,"OTAVIO JUNIOR BRITO DOS SANTOS","PROFESSOR OTÁVIO","PT"
30000604532,"EDNA MELO RIBEIRO","EDNA MELO","PT"
30000604543,"DAIMINI BRAGA DE ARAUJO","DAIMINI","PT"
30000604524,"FRANCO DE SA AIEZZA","FRANCO SÁ","PT"
30000604525,"ISAAC SILVA GOMES","ISAAC SILVA","PT"
30000604528,"SILVINO VIANA RABELO","RABELO","PT"
30000620099,"MARIA DALVA DE SOUZA FIGUEIREDO","DALVA 1313","PT"
30000620048,"IVANILDO LUCIANO DA LUZ","IVANILDO LUZ","PT"
30000604526,"RUBEM DE LIMA PACHECO JUNIOR","RUBEM JUNIOR","PT"
30000604536,"BELARMINO BORGES GOMES","TIO GIGANTE","PT"
30000630066,"SANDRA MARIA PORTAL DE ALMEIDA","SANDRA ALMEIDA","PT"
30000620095,"EDILSON VIEIRA ROCHA","ROCHA DO SUCATÃO","PT"
30000604537,"SEBASTIAO DA SILVA LEITAO","SEBASTIÃO LEITÃO","PT"
30000604539,"LUIZ REIS PINHEIRO","SARNEY PINHEIRO","PT"
30000620096,"ERROLFLYNN DE SOUZA PAIXAO","ERROLFLYNN PAIXÃO","PT"
30000620097,"JUCICLEBER FRANCISCO DA SILVA CASTRO","PROFESSOR JUCICLEBER","PT"
30000604527,"EVALDO BARROS MONTEIRO","EVALDO MONTEIRO","PT"
30000620098,"LEIDE MARIA PANTOJA FERREIRA","LEIDE FERREIRA","PT"
30000604523,"MANOEL BRAGA PINTO","BRAGA DO PT","PT"
30000620093,"ANTONIA DO SOCORRO NOGUEIRA DE SOUZA","SOCORRO NOGUEIRA","PT"
30000604542,"ISAMEYRE DA CUNHA NASCIMENTO","ISA NASCIMENTO","PT"
30000604540,"PLACIDO PEREIRA VIEIRA","PLÁCIDO VIEIRA","PT"
30000620047,"MARCO ANTONIO DE LIMA NUNES","NUNES","PT"
30000604534,"MARCELO DA SILVA","MARCELÃO DO PT","PT"
30000604529,"BEANE GOMES FERREIRA","BEANE GOMES","PT"
30000620094,"DORALICE NASCIMENTO DE SOUZA","DORA NASCIMENTO","PT"
30000620100,"ROSINETE DUARTE PACHECO","ROSE DUARTE","PT"
30000604533,"KATIA SIMONE ALMEIDA SETUBAL","KATIA SETUBAL","PT"
30000604531,"BENILSON DA SILVA VILHENA BRITO","BENILSON BRITO","PT"
30000604535,"MARIA ISABEL NOGUEIRA DE SOUSA","ISABEL NOGUEIRA","PT"
30000604530,"ANA LUCIA BANHA PICANCO NUNES","PROFESSORA LÚCIA BANHA","PT"
50000608055,"GERALDO SIMOES DE OLIVEIRA","GERALDO SIMÕES","PT"
50000620051,"VALMIR CARLOS DA ASSUNÇÃO","VALMIR ASSUNÇÃO","PT"
50000607980,"FRANCISCA ALVES RIBEIRO","CHICA DO PT","PT"
50000607985,"JOSÉ RAIMUNDO FONTES","ZÉ RAIMUNDO","PT"
50000607982,"JACKSON DOS SANTOS JOSUÉ","JACKSON","PT"
50000607990,"OSNI CARDOSO DE ARAÚJO","OSNI","PT"
50000607977,"UBIRAJARA DA SILVA RAMOS COROA","BIRA COROA","PT"
50000607793,"MANUELA CRISTINA BISPO DA CRUZ","MANU","PT"
50000607795,"CRISTINA BATISTA PORTO","CRISTINA PORTO","PT"
50000607988,"MARIA DEL CARMEN FIDALGO SANCHEZ PUGA","MARIA DEL CARMEN","PT"
50000607991,"RADIOVALDO COSTA SANTOS","RADIOVALDO","PT"
50000608012,"PAULO FERNANDO RANGEL DE LIMA","PAULO RANGEL","PT"
50000607794,"VERA LUCIA SANTOS DE JESUS","VERA LÚCIA","PT"
50000607984,"JONES DE OLIVEIRA CARVALHO","JONES CARVALHO","PT"
50000607993,"GILVÂNIA MARIA VIANA MARTINS","GILVÂNIA VIANA","PT"
50000607788,"JOSÉ CERQUEIRA DE SANTANA NETO","ZÉ NETO","PT"
50000607711,"RUI COSTA DOS SANTOS","RUI COSTA","PT"
50000607790,"ELISANGELA DOS SANTOS ARAUJO","ELISANGELA","PT"
50000607789,"AFONSO BANDEIRA FLORENCE","AFONSO FLORENCE","PT"
50000608009,"ROSIVAL LEITE DA SILVA","ROSIVAL LEITE","PT"
50000607979,"MARIA DE FATIMA NUNES DO CARMO","FÁTIMA NUNES","PT"
50000607785,"CARLOS MARTINS MARQUES DE SANTANA","CARLOS MARTINS","PT"
50000607992,"ROBINSON SANTOS ALMEIDA","ROBINSON","PT"
50000607786,"JOSEILDO RIBEIRO RAMOS","JOSEILDO RAMOS","PT"
50000607986,"LUIZ ALBERTO SILVA DOS SANTOS","LUIZ ALBERTO","PT"
50000607712,"JAQUES WAGNER","JAQUES WAGNER","PT"
50000607976,"BELDES LUIS PEREIRA RAMOS","BELDES RAMOS","PT"
50000607983,"MARIO AUGUSTO DE ALMEIDA NETO","JACÓ","PT"
50000607978,"DANILLO LIBARINO ASSUNCAO","DANILLO ASSUNÇÃO","PT"
50000608010,"KATIA CRISTINA ALVES DE SOUZA","KATIA DA SAÚDE","PT"
50000607987,"MARCELINO ANTÔNIO MARTINS GALO","MARCELINO GALO","PT"
50000607994,"ROSEMBERG EVANGELISTA PINTO","ROSEMBERG","PT"
50000607995,"LUIZ CARLOS SANTOS LIMA","LUIZ CARLOS SUICA","PT"
50000620045,"NELSON VICENTE PORTELA PELLEGRINO","PELEGRINO","PT"
50000607989,"NEUSA CADORE","NEUSA CADORE","PT"
50000607791,"LUIZ CARLOS CAETANO","CAETANO","PT"
50000607981,"ISABEL CRISTINA SANTOS GUIMARAES","ISABEL GUIMARÃES","PT"
50000608011,"SHIRLENE PEREIRA DE SOUZA","SHIRLENE SOUZA","PT"
50000620044,"JOSIAS GOMES DA SILVA","JOSIAS GOMES","PT"
50000607792,"JORGE JOSÉ SANTOS PEREIRA SOLLA","JORGE SOLLA","PT"
50000607787,"WALDENOR ALVES PEREIRA FILHO","WALDENOR PEREIRA","PT"
50000608014,"TEREZINHA GOMES TAVARES","TEREZINHA GOMES","PT"
60000612041,"MARIA ELZIVONE DE MAGALHAES BEZERRA COSTA","ELZIVONE","PT"
60000612034,"JORGE GOERSCH NETO","JORGE GOESRSCH","PT"
60000612037,"JOSE JURANCILIO DO NASCIMENTO","NASCIMENTO","PT"
60000612045,"PEDRO NETO LOBO SOARES","PEDRO LOBO","PT"
60000612073,"CLAUDIOMAR LOPES DE SOUSA","KEBA RAFAEL","PT"
60000612026,"FRANCISCO CELSO CRISOSTOMO SECUNDINO","CELSO CRISOSTOMO","PT"
60000610989,"JOSE AIRTON FELIX CIRILO DA SILVA","JOSE AIRTON","PT"
60000612023,"ELMANO DE FREITAS DA COSTA","ELMANO FREITAS","PT"
60000612044,"PAULO EMILIO CORDEIRO CAMPOS","PAULO EMILIO","PT"
60000610985,"AMILCAR XIMENES PONTE","DR AMILCAR XIMENES","PT"
60000610991,"LUIZIANNE DE OLIVEIRA LINS","LUIZIANNE","PT"
60000612038,"JOSE VERIDIANO MATOS DIAS","VERIDIANO MATOS","PT"
60000612031,"GUILHERME DE FIGUEIREDO SAMPAIO","GUILHERME","PT"
60000610995,"RAFAEL TOMYAMA TOLEDO","RAFAEL TOMYAMA","PT"
60000612046,"ROSANGELA RODRIGUES LIMA","ROSANGELA DO COCO","PT"
60000612030,"GERSON GLAYDSON HONORATO DA SILVA","PAI GERSON","PT"
60000612047,"VILANI DE SOUZA OLIVEIRA","PROFESSORA VILANI","PT"
60000610987,"CARLOS EDUARDO BEZERRA MARQUES","CARLOS EDUARDO","PT"
60000610988,"FRANCISCO CESAR NOGUEIRA DA SILVA","CESAR DO VALE","PT"
60000610984,"ALBA CRISTINA NOGUEIRA LOPES","ALBA CRISTINA","PT"
60000612032,"HILDA MARIA VANDECIR MAIA","HILDA FURACAO","PT"
60000610979,"CAMILO SOBREIRA DE SANTANA","CAMILO","PT"
60000612022,"ANA JARLINE DOS SANTOS SILVA","NEGA ANA","PT"
60000612025,"FERNANDO MATOS SANTANA","FERNANDO SANTANA","PT"
60000610990,"JOSE NOBRE GUIMARAES","GUIMARAES","PT"
60000612029,"FRANCISCO JOSE TEIXEIRA","DEDE TEIXEIRA","PT"
60000612039,"MARCOS VENICIOS NORJOSA GONZAGA","DR. MARCOS NORJOSA","PT"
60000612040,"MARIA ALICE DE OLIVEIRA","ALICE OLIVEIRA","PT"
60000612036,"JOSE CELIO CAVALCANTE FILHO","CELIO","PT"
60000610986,"ANIZIO SANTOS DE MELO","ANIZIO MELO","PT"
60000612043,"MOISES BRAZ RICARDO","MOISES BRAZ","PT"
60000612033,"JOAO TRIGUEIRO DOS SANTOS NETO","JOÃO CORAGEM","PT"
60000612035,"JOSE ACRISIO DE SENA","ACRISIO SENA","PT"
60000610993,"MARIA DE LOURDES PAZ FELIX","LOURDINHA FELIX","PT"
60000610994,"RACHEL XIMENES MARQUES","RACHEL MARQUES","PT"
60000612042,"MAX SWELL VERAS RIBEIRO","MAX SWELL RIBEIRO","PT"
60000612027,"FRANCISCO DENIS DE OLIVEIRA SOUZA","DENIS OLIVEIRA","PT"
60000612074,"TERESINHA DE JESUS DOS SANTOS","PROFESSORA TERESINHA","PT"
60000610992,"MARIA DE FATIMA OLIVEIRA SILVA","FATIMA OLIVEIRA","PT"
60000612024,"ERIKA VIEIRA LIMA CARVALHO","ERIKA LOKA","PT"
60000612028,"FRANCISCO IVAN LIMA","IVAN LIMA","PT"
70000610833,"WASNY NAKLE DE ROURE","WASNY","PT"
70000610809,"ERICO GRASSI CADEMARTORI","ERICO GRASSI","PT"
70000610808,"WALDICEIA DE MORAES TEIXEIRA DA SILVA","PASTORA WALL","PT"
70000610804,"HELLEN CRISTHYAN CORREIA BOAVENTURA","HELLEN FRIDA","PT"
70000610822,"JOSE LUIS DIAS BORGES","LUISINHO","PT"
70000610830,"JULIO FLAVIO GAMEIRO MIRAGAYA","JÚLIO MIRAGAYA","PT"
70000610853,"WALTER CELIO DE ALMEIDA","WALTER CELIO","PT"
70000610798,"RODRIGO LOPES BRITTO","RODRIGO BRITTO","PT"
70000610849,"ANTONIO SABINO DE VASCONCELOS NETO","SABINO","PT"
70000610837,"ERIKA JUCA KOKAY","ERIKA KOKAY","PT"
70000610814,"LUIZA GONZAGA GOMES DE SÁ","LUIZA GOMES","PT"
70000610850,"GÉSSYCA ALVES DE SOUZA","GESSYCA","PT"
70000610820,"RICARDO GUANABARA LEAL","GUANABARA","PT"
70000610842,"OSNI DE SOUZA CALIXTO","OSNI CALIXTO","PT"
70000610805,"RICARDO VALE DA SILVA","RICARDO VALE","PT"
70000610811,"VIRIDIANO CUSTODIO DE BRITO","VIRIDIANO BRITO","PT"
70000610801,"ELICEUDA SILVA DE FRANÇA","PROFESSORA ELICEUDA","PT"
70000610818,"REGINA LUCIA TOME DOS SANTOS","REGINA TOMÉ","PT"
70000610825,"JOSE VICENTE RODRIGUES DA SILVA","PROFESSOR VICENTE","PT"
70000610817,"FRANCISCO DOMINGOS DOS SANTOS","CHICO VIGILANTE","PT"
70000610843,"REBECA GOMES DE FREITAS","REBECA GOMES","PT"
70000610852,"ROBERTO CARLOS PINHEIRO SOUSA","TIM","PT"
70000610828,"JOSE VASCONCELOS CAMPOS DE SOUZA","PROFESSOR VASCO","PT"
70000610800,"SANTIAGO DA SILVA FRANÇA","DR. SANTIAGO","PT"
70000610839,"GERALDO MAGELLA ALMEIDA SALVADO","MAGELLINHA","PT"
70000610834,"ABIAS DE SOUSA SILVA","ABIAS DE SOUSA SILVA","PT"
70000610823,"LUCIMAR ALVES MARTINS","LUCIMAR","PT"
70000610803,"GLAUCO DE SILVA E SILVA","PROFESSOR GLAUCO","PT"
70000610846,"OLGA CRISTINA ROCHA DE FREITAS","OLGA CRISTINA","PT"
70000610836,"DANIEL QUEIROZ GALVÃO","DANIEL PXEIRA","PT"
70000610802,"MARIA DE DEUS COELHO ROCHA FARIA","PROFESSORA DEUSINHA","PT"
70000610821,"RONALDO UBIRAJARA DO CARMO","RONALDO CARMO","PT"
70000610824,"DARCY LUIZ DE OLIVEIRA","DARCY LUIZ","PT"
70000610806,"MICHEL PLATINI GOMES FERNANDES","MICHEL PLATINI","PT"
70000610827,"MARIANA ROSA MOREIRA DOS SANTOS","MARIANA ROSA","PT"
70000610841,"LUIZ FERNANDO CASTELO BRANCO REBELLO HORTA","FERNANDO HORTA","PT"
70000610810,"LEILA REGINA LOPES","NEGALAIZE","PT"
70000610844,"VANESSA NEGRINI","VANESSA É O BICHO","PT"
70000610847,"IOLANDA RODRIGUES ROCHA","IOLANDA RODRIGUES  ROCHA","PT"
70000610838,"EXPEDITO AFONSO VELOSO","EXPEDITO VELOSO","PT"
70000610819,"VANDERLEI MACIEL LIMA","WANDER MACIEL","PT"
70000610799,"JUAREZ PAULINO DE MEDEIROS","JUAREZ PAULINO","PT"
70000610813,"JOSMAILTON INACIO LOPES","JOSMAILTON","PT"
70000610831,"CLAUDIA PEREIRA FARINHA","CLAUDIA FARINHA","PT"
70000610851,"MARIA AMERICA MENEZES BONFIM HAMU","AMERICA BONFIM","PT"
70000610796,"ROBERTO POLICARPO FAGUNDES","POLICARPO","PT"
70000610845,"CRISTIANE PEREIRA DOS SANTOS","CRIS SANTOS","PT"
70000610807,"ARLETE AVELAR SAMPAIO","ARLETE SAMPAIO","PT"
70000610840,"JOAQUIM RODRIGUES DOS SANTOS FILHO","JOAQUIM RODRIGUES","PT"
70000610816,"OSVANILDO LOURENSO DA SILVA","OSVANILDO LOURENSO","PT"
70000610826,"FRANCISCO DE ASSIS DOS SANTOS","FRANCISCO DA M NORTE","PT"
70000610835,"ANA CRISTINA ROBERTO","CRISTINA ROBERTO","PT"
70000610797,"GERALDO MAGELA PEREIRA","MAGELA","PT"
70000610848,"JOSE ALVES DA SILVA","ZE ALVES","PT"
70000610829,"THELMA REGINA VIEIRA DE MELLO","THELMA MELLO","PT"
70000610815,"ALISSON LUIZ DE MACEDO VEIRA","ALLISSON RENOVAÇÃO","PT"
70000610812,"ALDEMIO OGLIARI","ALDEMIO OGLIARI","PT"
70000610832,"MARCELO DA COSTA PINTO NEVES","MARCELO NEVES","PT"
80000626754,"AILTON PEREIRA DOS SANTOS","AILTON PEREIRA","PT"
80000626731,"MARCIA CARVALHO FERREIRA","MARCIA CARVALHO","PT"
80000626729,"MARCO ANTONIO MENDONÇA MOROZESKY","MOROBA","PT"
80000626755,"IRINY NICOLAU CORRES LOPES","IRINY LOPES","PT"
80000626726,"BRUNA MARIA BARBIERI","BRUNA BARBIERI","PT"
80000626741,"MARCOS DOS SANTOS","MARQUINHO SANTOS","PT"
80000626751,"FABIO JUNIO DIAS DA SILVA","FABIO JUNIO","PT"
80000626743,"LOURIVAL ZEFERINO PEREIRA","LOURIVAL DO PT","PT"
80000626730,"LUARA RAMOS SOUZA","LUARA","PT"
80000626740,"VALTER PIRES PEREIRA SCHIAVO","PROF. MC VALTINHO","PT"
80000626747,"MARCELA ROMÃO SILVA","MARCELA ROMÃO","PT"
80000626732,"EDUARDO DA COSTA PAIVA","EDUARDO LULA PAIVA","PT"
80000626742,"ELIAS DA CRUZ RIBEIRO","ELIAS O BAIANO","PT"
80000626746,"JORGE CORREIA MACIEL DOS SANTOS","JORGE DA PIEDADE","PT"
80000626737,"HONORIO JOSE DE SIQUEIRA","PADRE HONÓRIO","PT"
80000626753,"THIAGO MAGNO SILVA DE ALMEIDA","THIAGO MAGNO","PT"
80000626733,"CAETANO ROQUE DA SILVA","CAETANO","PT"
80000626722,"JACKELINE OLIVEIRA ROCHA","JACKELINE ROCHA 13","PT"
80000626748,"CLEBER PEREIRA DE LANES","CLEBER LANES","PT"
80000626745,"JOÃO CARLOS COSER","JOÃO COSER","PT"
80000626757,"LEIDE MARIA FAGUNDES ALVES","LEIDE","PT"
80000626759,"ISABELLY SOUZA PEREIRA","ISA SOUSA","PT"
80000626734,"ANTONIO CARVALHO","CACIQUE TONINHO GUARANI","PT"
80000626738,"JOSÉ CARLOS NUNES DA SILVA","NUNES","PT"
80000626739,"PATRICIA TEIXEIRA MOSCHEN LIEVORE","PROFESSORA PATRICIA","PT"
80000626736,"HELDER IGNACIO SALOMÃO","HELDER SALOMÃO","PT"
80000626749,"CELIA MARIA VILELA TAVARES","CÉLIA TAVARES","PT"
80000626724,"JOSINETE MARA DA FONSECA","JOSINETE","PT"
80000626744,"JOSE IZIDORO RODRIGUES","ZÉ IZIDORO","PT"
80000626725,"GESSIMARA SOUSA","GESSIMARA","PT"
80000626756,"MARIA LUIZA CASOTTI LOUZADA","COTINHA","PT"
80000626760,"ROGERIO DIAS CIDADE","EOGERIO CIDADE","PT"
80000626735,"DANIEL SIDNEY COSTA","DANIEL COSTA","PT"
80000626758,"TADEU VILLANOVA DE MELLO","TADEU VILLANOVA","PT"
80000626723,"JACIARA TEIXEIRA DO NASCIMENTO","JACIARA ","PT"
80000626728,"MARIA DE LOURDES BARCELLOS","FORTALEZA","PT"
80000626750,"INÊS SIMON FERREIRA","INÊS","PT"
80000626752,"PERLY CIPRIANO","PERLY CIPRIANO","PT"
80000626727,"CARLOS ROBERTO CASTEGLIONE DIAS","CARLOS CASTEGLIONE","PT"
90000619132,"TADEU RIBEIRO DA COSTA","TADEU COSTA","PT"
90000619161,"MONICA PASSOS DE MELO","MONICA PASSOS","PT"
90000619159,"JULIO ANDERSON ALVES BUENO","PROFESSOR JULIO ANDERSON","PT"
90000619163,"JOÃO RODRIGUES DA COSTA","PROF JOÃO RODRIGUES","PT"
90000619136,"ODIMAR FERREIRA BARROS","BARROS DA SAUDE","PT"
90000619105,"LUÍS CESAR BUENO E FREITAS","LUIS CÉSAR BUENO","PT"
90000619135,"JADIEL DE OLIVEIRA AZEVEDO","PROFESSOR JADIEL","PT"
90000619138,"JOSÉ DE JESUS MATOS","JOTINHA","PT"
90000619166,"MÁRCIO JOSÉ MARTINS","MÁRCIO MARTINS","PT"
90000619167,"DAYANNE BATISTA DO PRADO","DAYANNE BATISTA","PT"
90000619097,"NELSON GONÇALVES GALVÃO","NELSON GALVÃO","PT"
90000619121,"ADEMIM SANTOS SILVA","ADEMIM DEPUTADO","PT"
90000619164,"GEAN CARLOS LACERDA SOUTO","CARLOS LACERDA","PT"
90000619104,"UANDER MARCOS DE PAULA E SILVA","UANDER MARCOS","PT"
90000619123,"LUIZ ANTÔNIO DE CARVALHO","LUIZ ANTÔNIO","PT"
90000619124,"MATEUS FERREIRA DA SILVA","MATEUS FERREIRA","PT"
90000619115,"JORGE CASTILHO DE ALBUQUERQUE ARAUJO","JORGE CASTILHO","PT"
90000619125,"MAURO RUBEM DE MENEZES JONAS","MAURO RUBEM","PT"
90000619162,"ANA MARIA DA SILVA","ANA MARIA DA SILVA","PT"
90000619109,"SORMANI IRINEU RIBEIRO","SORMANI IRINEU","PT"
90000619096,"ARQUIDONES BITES LEÃO LEITE","ARQUIDONES BITES","PT"
90000629598,"THAIS GONDIM COSTA","THAIS GONDIM","PT"
90000619098,"ADRIANA SAUTHIER ACCORSI","DELEGADA ADRIANA ACCORSI","PT"
90000619170,"CILMAR MARQUES PEREIRA","CILMAR MARQUES","PT"
90000619137,"RAIMUNDO MARTINS DE LOIOLA FILHO","LOIOLA","PT"
90000619129,"JOSE DO CARMO ALVES SIQUEIRA","PROFESSOR  ZÉ DO CARMO","PT"
90000619110,"EMERSON SOARES MOREIRA","EMERSON SALSICHA","PT"
90000619112,"RUBENS OTONI GOMIDE","RUBENS OTONI","PT"
90000619158,"ANTONIO BITES LEAO","PROFESSOR ANTONIO BITES","PT"
90000619133,"ALANNA HOSANA ALBERNAZ","ALANNA ALBERNAZ","PT"
90000619117,"SEVERO DE OLIVEIRA LIMA","SEVERO LIMA","PT"
90000619128,"GUILHERME OLIVEIRA BORGES","GUILHERME DA SAÚDE","PT"
90000619103,"FREDERICO CHARLES SÁBIO NASSIF","FREDERICO NASSIF","PT"
90000619120,"ELBANY FERREIRA","ELLBANY FERREIRA","PT"
90000619131,"SUZANA SOUSA CARVALHO FERREIRA","SUZANA  CARVALHO","PT"
90000619099,"WELTON DIVINO DAS DORES DE SOUSA","WELTON DIVINO","PT"
90000619106,"PAULO ALVES DE OLIVEIRA","PAULO ALVES","PT"
90000619100,"ANTÔNIO ROBERTO OTONI GOMIDE","ANTÔNIO GOMIDE","PT"
90000619118,"WALCY CALIXTO VIEIRA","WALCY CALIXTO MICK JAGGER","PT"
90000619113,"ERNESTO MOLINARI JÚNIOR","PROFESSOR ERNESTO MOLINARI","PT"
90000619169,"KEDMA KAREN DA SILVA","KEDMA KAREN","PT"
90000619107,"MARIA GELI SANCHES","PROFESSORA GELI","PT"
90000619114,"ESTER FERNANDES DE CASTRO","ESTER QUILOMBOLA","PT"
90000619165,"NEUSA VALADARES SIQUEIRA","PROFESSORA NEUSA","PT"
90000619111,"ISABEL CRISTINE DIAS DOS SANTOS","ISABEL CRISTINE","PT"
90000628443,"CATARINO JOSÉ DA SILVA","CATARINO  SILVA","PT"
90000619130,"MARIA REGINA GOMES DA COSTA","MARIA REGINA","PT"
90000619122,"LUCIMAR CONCEIÇÃO DO NASCIMENTO","PROFESSORA LUCIMAR","PT"
90000619116,"MAURÉLIO MOREIRA DE ARAÚJO","PROFESSOR MAURÉLIO CERRADO","PT"
90000619101,"KÁTIA  MARIA DOS SANTOS","KÁTIA MARIA","PT"
90000619102,"ALTAMIR GUALBERTO SALGADO","PROFESSOR MIRIM","PT"
90000619134,"CARLOS ALBERTO SILVA","CARLOS DO ITAPUÃ","PT"
90000619127,"ANTONIO MARTINS DE OLIVEIRA","ANTONIO BAIANO","PT"
90000619126,"GERALDO NUNES DOS SANTOS","GERALDO NUNES (GERALDINHO)","PT"
100000616273,"JUCIANE MARQUES FERNANDES","JUCIANE MARQUES","PT"
100000616307,"VALQUIRIA DAS NEVES RIBEIRO","VALQUIRIA DAS NEVES","PT"
100000628191,"ANIBAL DA SILVA LINS","ANIBAL LINS","PT"
100000628506,"LINDOMAR LOPES DE SOUSA","LINDOMAR DA ALVORADA","PT"
100000616311,"ORLANDO SOUSA PINTO FILHO","DR. ORLANDO","PT"
100000616271,"JEAN MARCELO SILVA PINHEIRO","JEAN MARCELO","PT"
100000616302,"CLEINALDO CASTRO LOPES","CLEINALDO BIL","PT"
100000616294,"TEREZA CRISTINA PEREIRA MELO","CRIS DE BACABAL","PT"
100000616277,"FRANCISCO DAS CHAGAS ROSA DO NASCIMENTO","CHAGAS ROSA","PT"
100000616278,"HONORATO LEITE FERNANDES FILHO","HONORATO","PT"
100000616269,"GENILSON ROBERTO ALVES SILVA","GENILSON ALVES","PT"
100000616281,"IANDECY FERNANDES REGADAS","IANDECY REGADAS","PT"
100000628511,"PABLO ROCHA PEREIRA DO AMARAL","PABLO ROCHA","PT"
100000616267,"ELISABETE MOTA TODA","BETH MOTA","PT"
100000616303,"ANTONIO CARLOS BARRETO DA SILVA","CARLOS BARRETO","PT"
100000616285,"JOAO VITOR DE SENA CAMPOS","JOJO CAMPOS","PT"
100000616297,"RAIMUNDO JOSE CAMPOS","CAMPOS VIGILANTE","PT"
100000616290,"JOSE COSTA E SILVA","COSTA E SILVA","PT"
100000628513,"ALBINO PEREIRA MACHADO","ALBINO MACHADO","PT"
100000616275,"JOSE FERREIRA COSTA","PROFESSOR ZE COSTA","PT"
100000629649,"OSILANDIA BRITO LEITE","OSILANDIA BRITO","PT"
100000616272,"JOAB JEREMIAS PEREIRA DE CASTRO","JOAB","PT"
100000616280,"ARMANDO NOBRE DA SILVA","ARMANDO NOBRE","PT"
100000628508,"PAULO CESAR RIBEIRO LOBATO","PAULO CESAR DE PEDRO D ROSARIO","PT"
100000616317,"JOSE FRANCISCO LIMA NERES","DR. ZE FRANCISCO","PT"
100000628195,"ERIONALDSON DOS SANTOS CASTRO","ERI CASTRO","PT"
100000616296,"RAYLSON KOS SANTOS","RAYLSON KOS","PT"
100000629407,"FRANCISCA DAS CHAGAS RAMOS DE SOUZA","FRANCISCA DAS CHAGAS","PT"
100000616316,"MARIA DO SOCORRO CHAVES DE FRANÇA","SOCORRO FRANÇA","PT"
100000616314,"RAFAEL BARROS ALMEIDA","RAFAEL ALMEIDA","PT"
100000616270,"IEDA MARIA SILVA","IEDA MARIA","PT"
100000616289,"RAIMUNDO PEREIRA DE SOUZA","RAIMUNDO PEREIRA","PT"
100000616276,"CREUSAMAR DE PINHO","CREUZAMAR","PT"
100000616293,"JOSE CARLOS NUNES JUNIOR","ZE CARLOS","PT"
100000616291,"CARLA MARIA MOREIRA MACHADO","CARLA MACHADO","PT"
100000629406,"ELISABETE OLIVEIRA FERREIRA","ELISABETE FERREIRA","PT"
100000616300,"JOSE INACIO SODRE RODRIGUES","ZE INACIO","PT"
100000616284,"IVAN SRUTROVSKI VIEIRA","IVAN SRUTROVSKI","PT"
100000628197,"VALQUIRIA BATISTA LIMA","VALQUIRIA BATISTA","PT"
100000616306,"ELPIDIA PEREIRA DOS SANTOS","ELPIDIA","PT"
100000629560,"NAIR CARVALHO NEVES","NAIR CARVALHO","PT"
100000629717,"MARIA CAMARA","MARIA CAMARA","PT"
100000616288,"RAIMUNDO MONTEIRO DOS SANTOS","MONTEIRO","PT"
100000616299,"KATIA CILENE CAMPOS ALMEIDA","KATIA CILENE","PT"
100000616282,"AURELIO GOMES DA SILVA","AURELIO","PT"
100000616308,"JOSE RIBAMAR RODRIGUES FILHO","RODRIGO COMERCIARIO","PT"
100000616301,"EVANDRO OLIVEIRA SIQUEIRA","EVANDRO SIQUEIRA","PT"
100000616287,"MARCOS AURELIO RODRIGUES COSTA","MARCO DOS GUARAS","PT"
100000616312,"FRANCISCO ROGERIO SOUSA","ROGERIO DO PT","PT"
100000616295,"SAYD RODRIGUES ZAIDAN","SAYD ZAIDAN","PT"
100000616268,"HENRIQUE ELIAS COELHO CARNEIRO","HENRIQUE CARNEIRO","PT"
100000629405,"SILVIA AMELIA PEREIRA BRITO","SILVIA BRITO","PT"
100000616304,"ADAILTON MARTINS DOS SANTOS","ADAILTON MARTINS","PT"
100000616309,"MARIA HELENA DA SILVA FREITAS","HELENA FREITAS","PT"
100000628505,"JOAO BATISTA CORREA COSTA","BATISTA AXE","PT"
100000616292,"NEY JEFFERSON PEREIRA TEIXEIRA","NEY JEFFERSON LULA","PT"
100000616286,"LUIZ PEDRO DE OLIVEIRA E SILVA","LUIZ PEDRO","PT"
100000616310,"MARIA CLARA BATA FARIAS","CLARA FARIAS","PT"
100000616315,"RAIMUNDO NONATO DAS CHAGAS RIBEIRO SILVA","SARGENTO CHAGAS","PT"
100000616279,"JACKSON LIMA DA SILVA","PAMELA MARANHÃO LULA","PT"
100000628192,"FRANCISCO DAS CHAGAS SOUSA BATISTA","FRANCISCO BACABAL","PT"
100000628196,"JOAO FELIPE LOPES","JOAO FELIPE","PT"
100000616283,"FRANCINETE TORRES DO VALE ROCHA","PROFESSORA FRAN","PT"
100000628509,"NARA LIZIA SILVA","NARA LIZIA","PT"
100000616305,"CATIA MARIA DO SOCORRO PAZ","CATIA PAZ","PT"
100000616274,"MARIO PIMENTA FERREIRA","PIMENTA","PT"
100000616298,"LUIS HENRIQUE SILVA DE SOUSA","LUIZ HENRIQUE LULA DA SILVA","PT"
100000616313,"JANAIRA ARAUJO PEREIRA","NAIRA DO PT","PT"
130000627054,"PATRÍCIA CARLA DE MELO","PATRÍCIA MELO","PT"
130000628808,"EDVALDO VAZ DE ANDRADE","PROFESSOR EDVALDO","PT"
130000627063,"MARCOS GOBIRA DAMASCENO","MARCOS GOBIRA","PT"
130000628813,"MANOEL VESPUCIO DA COSTA VASCONCELOS","MANOEL VESPUCIO","PT"
130000628815,"JOSÉ CÉSAR DE PAULA","CAPITÃO CÉSAR","PT"
130000628803,"HENRIQUE LAZAROTTI DE OLIVEIRA","HENRIQUE LAZAROTTI","PT"
130000627051,"VIRGILIO GUIMARÃES DE PAULA","VIRGÍLIO GUIMARÃES","PT"
130000628810,"VANDERLEI SANTOS","VANDERLEI DO PT","PT"
130000628817,"FRANCISCO DE SOUZA VIEIRA","FRANCISCO JEQUITI","PT"
130000626963,"MARIA CECILIA FIGUEIREDO OPIPARI","CIÇA","PT"
130000628809,"JOÃO BATISTA FERREIRA","PROFESSOR BATISTA CEBOLA","PT"
130000628819,"JOAQUIM NERES XAVIER DIAS","KINCA DE SALINAS","PT"
130000627038,"IGINO MARCOS DA MATA DE OLIVEIRA","DR. IGINO","PT"
130000627044,"MACAÉ MARIA EVARISTO DOS SANTOS","MACAE EVARISTO","PT"
130000627053,"BEATRIZ DA SILVA CERQUEIRA","BEATRIZ CERQUEIRA","PT"
130000628812,"JOMAR BATISTA GAVIÃO DE CARVALHO","DR. JOMAR GAVIÃO","PT"
130000628804,"GLAÚCIA PEREIRA LAGE ALVES","GLAÚCIA DA FARMÁCIA","PT"
130000626966,"ODAIR JOSÉ DA CUNHA","ODAIR CUNHA","PT"
130000626957,"BERENICE SOUZA DA SILVA","BERENICE DA SILVA","PT"
130000628802,"ROULIAN VIEIRA DO NASCIMENTO","ROULIAN ENTÃO TÁ","PT"
130000626958,"CRISTINA DEL PAPA","CRISTINA DEL PAPA","PT"
130000626948,"MARIA APARECIDA DE JESUS","CIDA DE JESUS","PT"
130000626968,"PAULO JOSÉ CARLOS GUEDES","PAULO GUEDES","PT"
130000627040,"JEAN MARK FREIRE SILVA","DR. JEAN FREIRE","PT"
130000626945,"PEDRO LUIZ NEVES VICTER ANANIAS","PEDRO PATRUS","PT"
130000627030,"CRISTIANO TADEU DA SILVEIRA","CRISTIANO SILVEIRA","PT"
130000626984,"RAFAELA ANDRADE SILVA","RAFAELA ANDRADE","PT"
130000628811,"ENIR FONSECA","ENIR FONSECA","PT"
130000627066,"ULYSSES GOMES DE OLIVEIRA NETO","ULYSSES GOMES","PT"
130000626960,"GILMAR ALVES MACHADO","GILMAR MACHADO","PT"
130000627031,"GEISA GOMES PEREIRA TEIXEIRA","GEISA TEIXEIRA","PT"
130000626980,"ROGERIO CORREIA DE MOURA BAPTISTA","ROGÉRIO CORREIA","PT"
130000626967,"PATRUS ANANIAS DE SOUZA","PATRUS ANANIAS","PT"
130000628818,"MIGUEL CORREA DA SILVA JÚNIOR","MIGUEL CORREA","PT"
130000626962,"JOSÉ LEONARDO COSTA MONTEIRO","LEONARDO MONTEIRO","PT"
130000627047,"NEUZA APARECIDA FERREIRA ALVES","NEUSA MAPA","PT"
130000627060,"MARIA ALVES DE SOUZA","MARIA ALVES","PT"
130000628820,"MIRIAN CRISTINA CORREA ALVES","CRISTINA CORREA","PT"
130000627046,"MARILIA APARECIDA CAMPOS","MARILIA CAMPOS","PT"
130000627062,"NEIVALDO DE LIMA VIRGILIO","PROFESSOR NEIVALDO","PT"
130000627034,"CARLOS MAGNO RIBEIRO COSTA","MAGNO","PT"
130000627029,"ELISA MARIA COSTA","ELISA COSTA","PT"
130000626946,"ARNALDO AUGUSTO GODOY","ARNALDO GODOY","PT"
130000627052,"WHELTON PIMENTEL DE FREITAS","LELECO PIMENTEL","PT"
130000627056,"SILÉSIO MIRANDA PEREIRA","SILÉSIO MIRANDA","PT"
130000628814,"LUIS DO NASCIMENTO","LUISINHO CORREDOR","PT"
130000626942,"FERNANDO DAMATA PIMENTEL","FERNANDO PIMENTEL","PT"
130000628816,"REGINALDO EUCLIDES DOS SANTOS","REGINALDO EUCLIDES","PT"
130000628805,"MARIA DE FATIMA DE JESUS","FATIMA BURGUER","PT"
130000627057,"ANDRÉ QUINTÃO SILVA","ANDRÉ QUINTÃO","PT"
130000626983,"OFÉLIA DE LOURDES HILÁRIO","OFÉLIA","PT"
130000627064,"MARCOS JOSERALDO LEMOS","MARQUINHO DURVAL","PT"
130000626961,"JESUS MARIO DE ALMEIDA LIMA","JÉSUS LIMA","PT"
130000627058,"MARIA DO CARMO LARA PERPETUO","MARIA DO CARMO","PT"
130000626959,"NILMARIO DE MIRANDA","NILMARIO MIRANDA","PT"
130000627059,"ELOISIO DO CARMO LOURENÇO","ELOISIO","PT"
130000626956,"ADELMO CARNEIRO LEÃO","ADELMO LEÃO","PT"
130000626979,"ROBERTO VIEIRA DE CARVALHO","ROBERTO CARVALHO","PT"
130000626944,"DILMA VANA ROUSSEFF","DILMA ROUSSEFF","PT"
130000626982,"JOÃO CARLOS SIQUEIRA","PADRE JOÃO","PT"
130000627055,"CINÉSIO DA SILVA ROCHA","CINÉSIO ROCHA","PT"
130000626964,"MARIA MARGARIDA MARTINS SALOMÃO","MARGARIDA SALOMÃO","PT"
130000627032,"ROBERTO CUPOLILLO","BETÃO","PT"
130000626981,"SABRINA PALMELA BRAUN","SABRINA BRAUN","PT"
130000628807,"JOSE DE FATIMA FELICIO","FELICIO DO METRO","PT"
130000626978,"REGINALDO LAZARO DE OLIVEIRA LOPES","REGINALDO LOPES","PT"
130000628806,"LEONARDO BRUNO ROSSI","LEONARDO ROSSI","PT"
130000627065,"MARILENE ALVES DE SOUZA","LENINHA","PT"
120000620232,"PAULO ROBERTO DA SILVA","PAULINHO ROBERTO","PT"
120000620230,"LUCIENE MARIA DA SILVA","DOUTORA LUCIENE ","PT"
120000620253,"PEDRO CESAR KEMP GONÇALVES","PEDRO KEMP","PT"
120000620267,"ELIAS ISHY DE MATTOS","ELIAS ISHY","PT"
120000620243,"FERMINA CRISTALDO","CHRISTAL DO PT","PT"
120000620245,"VANUSA LESCANO DE OLIVEIRA","VANUSA OLIVEIRA","PT"
120000620249,"MILTON MILHOMEM SANTOS FILHO","MILTON MILHOMEM ","PT"
120000620238,"EMERSON MENEZES DE OLIVEIRA","EMERSON MENEZES ","PT"
120000620234,"AMARILDO VALDO DA CRUZ","AMARILDO CRUZ","PT"
120000620224,"LEILA APARECIDA PINTO","LEILA DO PT","PT"
120000620235,"JAIRO NÓBREGA","JAIRÃO DO PT","PT"
120000620269,"CARLOS ALBERTO MACHADO","MACHADO","PT"
120000620244,"SANDRA AGUAYO","SANDRA KUNÃ MBARETE","PT"
120000620229,"PEDRO ANTONIO AGOSTINHO","PROFESSOR PEDRO AGOSTINHO","PT"
120000620264,"CLARICE DE FATIMA FERMINO","CLARICE DO POVO","PT"
120000620256,"WEBERGTON SUDÁRIO DA SILVA","COMPANHEIRO CORUMBÁ","PT"
120000620248,"LUIZ ALBERTO AVILA SILVA JUNIOR","JÚNIOR DO PT","PT"
120000620259,"SILVIA DENIZ DE CARVALHO","SILVANA DINIZ","PT"
120000620252,"JAIME TEIXEIRA","PROFESSOR JAIME","PT"
120000620265,"ILMAR RENATO GRANJA FONSECA","ILMAR MAMÃO ","PT"
120000620275,"JOÃO BATISTA DOS SANTOS","JOÃO GRANDÃO","PT"
120000620255,"JAIRTO SARAIVA MOREIRA","PROFESSOR JAIRTO SARAIVA","PT"
120000620247,"VANDERLEI JOSE DA SILVA","DR. VANDERLEI","PT"
120000620223,"ROSEMARE DE MOURA","ROSE DO ACAMPAMENTO","PT"
120000620262,"DANIEL ALVES BICALHO","RADIALISTA DANIEL ALVES","PT"
120000620263,"ISABEL DE JESUS ROQUE DUARTE","ISABEL DUARTE","PT"
120000620233,"MIGUEL CORREA DA CUNHA","MIGUELZINHO","PT"
120000620251,"JOSE ALMI PEREIRA MOURA","CABO ALMI","PT"
120000620261,"JOSE ORCIRIO MIRANDA DOS SANTOS","ZECA DO PT","PT"
120000620257,"DIONÉDISON DEMECIO CANDIDO","DIONÉDISON TERENA","PT"
120000620270,"ROMILDA NETO PIZANI","ROMILDA PIZANI","PT"
120000620240,"MARIA REGINA DE MORAES","PROFESSORA MARIA REGINA","PT"
120000620231,"VALMIR LOPES DE SOUZA","MIRO DA ONLINE","PT"
120000620239,"HUMBERTO CARLOS RAMOS AMADUCCI","HUMBERTO AMADUCCI","PT"
120000620246,"ANA PAULA CARDOSO DE SOUZA","PROFESSORA ANA PAULA","PT"
120000620225,"DIVONETE COSTA DE QUEIROZ RIGON","DIVONETE COSTA","PT"
120000620250,"JOSE RODRIGUES DE MATOS","ZEZÃO ","PT"
120000620228,"DANIEL LEMES VASQUES","DANIEL VASQUES","PT"
120000620237,"GILBERTO FERNANDES","GILBERTO FERNANDES","PT"
120000620254,"JOSÉ LAERTE CECILIO TETILA","LAERTE TETILA","PT"
120000620260,"APARECIDA RAMOS DOS SANTOS","CIDA RAMOS","PT"
120000620227,"VALDINEI ALVES DA SILVA","PITÓ","PT"
120000620272,"VANDER LUIZ DOS SANTOS LOUBET","VANDER LOUBET","PT"
120000620242,"JAIRO ARRUDA DE SOUZA","JAIRO ARRUDA","PT"
120000620271,"GLEICE JANE BARBOSA","GLEICE JANE","PT"
120000620241,"GERSON FACCINA","GEL FACCINA ","PT"
120000620226,"CIPRIANO MENDES COSTA","CIPRIANO MENDES","PT"
120000620236,"ITALO MILHOMEM SANTOS ZIKEMURA","MS COLETIVO","PT"
120000620276,"ANTÔNIO LISBOA DE SOUZA JUNIOR","DR. LISBOA","PT"
120000620268,"AMANDA ALBRECHT DE JESUS","AMANDA ALBRECHT","PT"
120000620266,"ALISSON THIESEN BIAZUSSI","ALISSON BIAZUSSI","PT"
120000620274,"GISELLE MARQUES DE ARAUJO","GISELLE MARQUES","PT"
120000620273,"ADRIANO FIRMINO TELES","ADRIANO CARTEIRO","PT"
120000620258,"SERGIO CARLOS MARTINS RIGO","SERGINHO RIGO","PT"
110000621205,"VALDIR MENDES BARRANCO","VALDIR BARRANCO","PT"
110000621206,"HENRIQUE LOPES DO NASCIMENTO","HENRIQUE LOPES DO SINTEP/MT","PT"
110000621198,"LUDIO FRANK MENDES CABRAL","LUDIO CABRAL","PT"
110000609948,"GILMAR SOARES FERREIRA","PROFESSOR GILMAR SOARES","PT"
110000621199,"LUIS BRAZ DE LIMA","LUIS BRAZ","PT"
110000611605,"EDNA LUZIA ALMEIDA SAMPAIO","EDNA SAMPAIO","PT"
280001090070,"VALDIR MENDES BARRANCO","VALDIR BARRANCO","PT"
110000621195,"VALDINÁ DA SILVA FERREIRA","KACO DO CPA","PT"
110000611610,"ROSA NEIDE SANDES DE ALMEIDA","PROFESSORA ROSA NEIDE","PT"
110000621210,"MARIA DA CONCEIÇÃO SANTOS CORTEZ","KOTA CORTEZ","PT"
280001090072,"ENELINDA MARIA APARECIDA DOS SANTOS SCALA","ENELINDA SCALLA","PT"
140000627201,"JOSÉ GERALDO TORRES DA SILVA","ZÉ GERALDO","PT"
140000617671,"OTAVIO DA SILVA NASCIMENTO JUNIOR","PROF. NIC JR MARAJÓ","PT"
140000617657,"ARI DE SOUSA LOUREIRO","PROFESSOR ARI LOUREIRO","PT"
140000617659,"CARLOS ALBERTO BARROS BORDALO","BORDALO","PT"
140000627200,"MILENE RISUENHO LAUANDE","PROF. MILENE","PT"
140000617667,"MANOEL JESUS DE ARAUJO ROCHA","PROFESSOR ROCHA NETTO","PT"
140000627197,"ISRAEL PEREIRA BARROS","MIQUINHA","PT"
140000617670,"MARJORIE OLIVEIRA CALDERARO","MARJORIE","PT"
140000627199,"MARIA MARTA SOUZA COSTA","MARTA COSTA","PT"
140000617655,"ALFREDO CARDOSO COSTA","PROFESSOR ALFREDO COSTA","PT"
140000617664,"ELEN HILDA FARIAS DOS SANTOS","FEIRANTE NEGONA","PT"
140000627196,"ESMERINO NERI BATISTA FILHO","MIRIQUINHO BATISTA","PT"
140000617677,"VINICIO DA SILVA NASCIMENTO","PROFESSOR VINICIO NASCIMENTO","PT"
140000617672,"PAULO AFONSO ESPINDOLA FERREIRA","PAULO AFONSO","PT"
140000617676,"VANDA LUCIA DOS SANTOS SOARES","MÃE VANDA","PT"
140000617658,"BEP KAMINHOROTI XIKRIN","TORQUETE XIKRIN","PT"
140000617675,"TELMA SARAIVA DOS SANTOS","TELMA SARAIVA","PT"
140000617656,"ANDRÉ LUIS ASSUNÇÃO DE FARIAS","PROF. ANDRÉ FARIAS","PT"
140000627194,"AIRTON LUIZ FALEIRO","AIRTON FALEIRO","PT"
140000627203,"MARIA APARECIDA ALVES IGREJA","APARECIDA IGREJA","PT"
140000617663,"DIRCEU TEN CATEN PIES","DIRCEU TEN CATEN","PT"
140000629489,"MARIA LUCIA MACHADO","LUCIA MACHADO","PT"
140000617666,"JOÃO BATISTA UCHOA PEREIRA","JOÃO BATISTA","PT"
140000617662,"DILVANDA FURTADO FARO","DILVANDA FARO","PT"
140000617661,"CARLOS MORAES DE ALBUQUERQUE FILHO","CORRETOR CARLOS ALBUQUERQUE","PT"
140000617669,"MARIO LUCIO DA SILVA SOUZA","IRMÃO MÁRIO","PT"
140000627198,"JOSE ROBERTO OLIVEIRA FARO","BETO FARO","PT"
140000617674,"REGINA LUCIA BARATA PINHEIRO SOUSA","REGINA BARATA","PT"
140000627195,"CLAUDIO ALBERTO CASTELO BRANCO PUTY","PUTY","PT"
140000617673,"REGINA CELIA RODRIGUES DE SOUSA","REGINA CELIA DO PT","PT"
140000617668,"MARIA DO SOCORRO DOS SANTOS JUCÁ","PROFESSORA JUCÁ","PT"
140000617665,"EVERALDO JESUS DE FREITAS","CARTEIRO EVERALDO","PT"
140000627204,"PAULO ROBERTO GALVÃO DA ROCHA","PAULO ROCHA","PT"
140000617660,"CARLOS EDUARDO CARDOSO MARTINS","CARLOS MARTINS","PT"
140000627202,"MANOEL RAIMUNDO CARVALHO MORAES","RAI MORAES","PT"
150000604409,"RAFAEL REGINALDO DO NASCIMENTO","PROFESSOR RAFAEL","PT"
150000604397,"GENILDO VIEIRA DE ANDRADE","GENILDO DO PT","PT"
150000604413,"TIOMAR HELAINE MARTINS GUIMARAES","TIOMAR HELAINE","PT"
150000604407,"MARIA MARQUES MACIEL","MARIAH","PT"
150000604410,"RICARDO SILVA DE OLIVEIRA","RICARDO OLIVEIRA","PT"
150000604406,"MARIA DAS NEVES ANDRADE DA SILVA","NEVES","PT"
150000604393,"EDIGLEI CORDEIRO GONCALVES","EDIGLEI CORDEIRO","PT"
150000604405,"MARCIO DE MATOS CANIELLO","MARCIO CANIELLO","PT"
150000604390,"ANGILINA MACENA DE PONTES","ANGILINA PONTES","PT"
150000604398,"JOAO BELO NETO","JOAO BELO","PT"
150000608806,"MOISES VIRGINIO DE BARROS","MOZA","PT"
150000604400,"JOSE PAULO VITURINO DOS SANTOS","ZE PAULO","PT"
150000629785,"LENEIDE DA SILVA","NEIDE DE LULA","PT"
150000608804,"MARCOS HENRIQUES E SILVA","MARCOS HENRIQUES","PT"
150000604394,"EDSON MARIA GOMES","PROFESSOR EDSON GOMES","PT"
150000604396,"FRANCISCO JANIO PEREIRA","PROFESSOR JANIO PEREIRA","PT"
150000604404,"MARCELINO PEREIRA NETO","MARCELO DO MERCADINHO","PT"
150000603512,"LUIZ ALBUQUERQUE COUTO","LUIZ COUTO","PT"
150000604399,"JOSÉ COSTA TEIXEIRA","ZE COSTA","PT"
150000608805,"MARIA DO SOCORRO DE PONTES BEZERRA","SOCORRO PONTES","PT"
150000604391,"ANISIO SOARES MAIA","ANISIO MAIA","PT"
150000604403,"LUZENIRA LINHARES ALVES","LUZENIRA","PT"
150000604412,"SIDINEY  DE OLIVEIRA SILVA","SIDINEY OLIVEIRA","PT"
150000604408,"RAFAEL MAXIMINO DOS SANTOS","RAFA MAX","PT"
150000604411,"SEVERINO FERREIRA DOS SANTOS","SEVERINO DO GÁS","PT"
150000604414,"ZENIVALDO DE OLIVEIRA BARBOSA","ZENIVALDO DO CONSIGNADO","PT"
150000608803,"ANTONIO RIBEIRO","FREI ANASTACIO","PT"
150000630006,"MARIA EDNA DOS SANTOS","EDNA DO BOLO","PT"
150000604392,"DALMO OLIVEIRA DA SILVA","DALMO OLIVEIRA","PT"
150000604395,"FABIANA VELOSO DOS SANTOS","FABIANA VELOSO","PT"
150000604401,"JOÃO BATISTA MARTINIANO FERREIRA","JOÃOZINHO DO GÁS","PT"
150000604402,"JULIANA DE SOUSA SILVA","JULIANA SILVA","PT"
170000621476,"MARIA LUCINEIDE DO NASCIMENTO SANTANA","NEIDE NASCIMENTO","PT"
170000621499,"LIANA CRISTINA DA COSTA CIRNE LINS","LIANA CIRNE","PT"
170000621458,"JOSÉ FRANCIS HERBERT DA CONCEIÇÃO","FRANCIS HERBERT","PT"
170000621468,"MARIA JOSÉ DA SILVA","MARIA JOSÉ DO SINDICATO","PT"
170000621491,"SYLVIA SIQUEIRA CAMPOS","SYLVIA","PT"
170000621486,"JOÃO ALFREDO DE ARAÚJO","JOAO ALFREDO","PT"
170000621493,"MARCOS HERIDIJANIO MOURA BEZERRA","DR MARCOS ORTOPEDISTA","PT"
170000621495,"MARIA TERESA LEITAO DE MELO","TERESA LEITÃO","PT"
170000621489,"ALDIONE ANTONIO DA SILVA","ALDIONE SILVA","PT"
170000621498,"MARIA SUELY DE MELO RIBEIRO","SUELY MELO","PT"
170000621465,"ROBERTO MARDONIO DE OLIVEIRA","ROBERTO MARDONIO","PT"
170000621483,"ANTONIO BATISTA FALCÃO","ANTONIO FALCÃO","PT"
170000621488,"RICARDO ANDRADE DA COSTA SILVA","RICARDO ANDRADE","PT"
170000604550,"ANA CLÁUDIA GONÇALVES FERREIRA","ANA CLÁUDIA FERREIRA","PT"
170000630017,"MARIA MÁRCIA RODRIGUES DE ALMEIDA","MARCIA DO ANGICO","PT"
170000621467,"ODACY AMORIM DE SOUZA","ODACY AMORIM","PT"
170000621470,"ERNESTO LÁZARO MAIA","ERNESTO MAIA","PT"
170000621461,"JOSÉ WELLINGTON ALVES DE CARVALHO","WELLINGTON","PT"
170000621471,"MARIA DULCICLEIDE MACEDO COELHO AMORIM","DULCICLEIDE AMORIM","PT"
170000621501,"PRISCILA DA SILVA RAMOS","PRISCILA RAMOS","PT"
170000629773,"JANAINA FERNANDES DA SILVA","JANAINA FERNANDES","PT"
170000621479,"EUCLIDES RONALDO LEITE","RONA LEITE","PT"
170000621472,"FERNANDO DANTAS FERRO","FERNANDO FERRO","PT"
170000621485,"JOÃO DA COSTA BEZERRA FILHO","JOAO DA COSTA","PT"
170000621473,"FELIPE ANDRÉ SANTOS RODRIGUES","FELIPE RODRIGUES","PT"
170000621481,"MÁRCIA LEILANE GAMA LACERDA DE ARAÚJO REIS","MÁRCIA LACERDA","PT"
170000604548,"HUMBERTO SÉRGIO COSTA LIMA","HUMBERTO COSTA","PT"
170000621464,"MARICLEITON VIEIRA DA SILVA","MARICLEITON","PT"
170000621500,"MARÍLIA VALENÇA ROCHA ARRAES DE ALENCAR","MARÍLIA ARRAES","PT"
170000621496,"DORIEL SATURNINO DE BARROS","DORIEL BARROS","PT"
170000621463,"ÁLVARO SOARES DE MELO FILHO","ÁLVARO FILHO","PT"
170000621484,"GIVANILDO JACINTO DA SILVA","RADIALISTA GIVANILDO SILVA","PT"
170000621474,"JOSÉ CARLOS VERAS DOS SANTOS","CARLOS VERAS","PT"
170000621462,"GERALDO FERREIRA DE LUCENA","MAJOR LUCENA","PT"
170000621478,"ARNALDO GUIMARÃES DA SILVA","ARNALDO DO BUTECO","PT"
170000621475,"DYANNE ANDRESSA DE LIMA BARROS","DYANNE BARROS","PT"
170000621482,"CÍCERO ROMÃO DE OLIVEIRA","CÍCERO ROMÃO","PT"
170000621490,"EDNAIPTAN DE SOUZA SILVA","EDNAÍ O SEU AGENTE DE SAÚDE","PT"
170000621480,"LEONARDO JOSÉ MARINHO DAMASCENO","LEO","PT"
170000621487,"ALMIR ANDRADE DE VASCONCELOS","ALMIR DO PT","PT"
170000621469,"GUILHERME BARBOSA DE FARIAS FILHO","GUILHERME FARIAS","PT"
170000621492,"MARIA CRISTINA COSTA DE CARVALHO","CRISTINA COSTA","PT"
170000621494,"GEOVANI DE MORAES NASCIMENTO","GEOVANI","PT"
170000629490,"GIVÂNIA MARIA DA SILVA","GIVÂNIA","PT"
170000621477,"THEREZA CHRYSTINA ELIAS CARDOSO","DRA THEREZA CARDOSO","PT"
170000621466,"JOABE VICENTE DO NASCIMENTO","JOABE VICENTE DA SAÚDE","PT"
170000621460,"LUCIMAURO ANTONIO ALVES OLIVEIRA","MAURO","PT"
170000621459,"FLÁVIA HELLEN DE OLIVEIRA GOMES","FLÁVIA HELLEN","PT"
170000621497,"SINÉZIO RODRIGUES ALVES","SINÉZIO RODRIGUES","PT"
180000614023,"FRANCISCO DE ASSIS DE OLIVEIRA COSTA","DR. FRANCISCO COSTA","PT"
180000614030,"JOAO DE DEUS SOUSA","JOAO DE DEUS","PT"
180000613940,"ANTONIO JOSE CASTELO BRANCO MEDEIROS","ANTONIO JOSE MEDEIROS","PT"
180000614032,"JOSÉ GOMES MARQUES","ZE GOMES","PT"
180000614049,"PAULO CEZAR DE SOUSA MARTINS","PAULO MARTINS","PT"
180000614057,"WARTON MATIAS LACERDA E OLIVEIRA","WARTON LACERDA","PT"
180000614016,"FABIO NUNEZ NOVO","FABIO NOVO","PT"
180000613944,"NEIDE DE JESUS CARVALHO","NEIDE CARVALHO","PT"
180000614002,"JOSÉ WELLINGTON BARROSO DE ARAÚJO DIAS","WELLINGTON DIAS","PT"
180000614040,"LUIZ HENRIQUE SOUSA DE CARVALHO","ZIZA CARVALHO","PT"
180000614050,"RAIMUNDO PEREIRA DE SOUSA FILHO","RAIMUNDO PEREIRA","PT"
180000613945,"REJANE RIBEIRO SOUSA DIAS","REJANE DIAS","PT"
180000614038,"LUCIA MARIA BATISTA","PROFESSORA LUCIA BATISTA","PT"
180000614044,"MARIA ROSALINA DOS SANTOS","MARIA DO POVO","PT"
180000613943,"LEIDA MARIA DE OLIVEIRA DINIZ","PROMOTORA LEIDA DINIZ","PT"
180000614056,"VICENTE DE SOUSA SOBRINHO","VICENTE SOBRINHO","PT"
180000614013,"CICERO MAGALHÃES OLIVEIRA","MAGALHÃES","PT"
180000614003,"MARIA REGINA SOUSA","REGINA SOUSA","PT"
180000613947,"MERLONG SOLANO NOGUEIRA","MERLONG SOLANO","PT"
180000614020,"FLORA IZABEL NOBRE RODRIGUES","FLORA IZABEL","PT"
180000613942,"FABIOLA DE AZEVEDO LEMOS","FABIOLA LEMOS","PT"
180000614022,"FRANCISCO DAS CHAGAS LIMMA","LIMMA","PT"
180000614024,"FRANCISCO JOSÉ ALVES DA SILVA","FRANZÉ SILVA","PT"
180000613941,"FRANCISCO DE ASSIS CARVALHO GONÇALVES","ASSIS CARVALHO","PT"
180000614046,"NAYARA JULIANA RIBEIRO DA COSTA","NAYARA COSTA","PT"
160000623053,"MARCIO RICARDO MARINHO","RICARDO MARINHO","PT"
160000623077,"DILTO VITORASSI","VITORASSI","PT"
160000623014,"DANIELLE CRISTINA BRAZ","DANI BRAZ","PT"
160000623070,"GLEISI HELENA HOFFMANN","GLEISI LULA","PT"
160000623016,"JOAQUIM TERTULIANO RIBAS DE ANDRADE","TERTULIANO ANDRADE","PT"
160000623036,"TONIA CARLA DE SOUZA","TONIA CARLA","PT"
160000623030,"MAURO ANTÔNIO HOLZ","MAURÃO","PT"
160000623049,"GIANE HERLLAIN","PROF. GIANE LULA HERLLAIN","PT"
160000623009,"FLORISVALDO FIER","DR. ROSINHA","PT"
160000623035,"ROBERTO DE SOUZA","ROBERTO DE SOUZA","PT"
160000623058,"ANDRE CASTELO BRANCO MACHADO","ANDRÉ MACHADO","PT"
160000623029,"MARIO SERGIO VERRI","MARIO VERRI","PT"
160000623032,"ODILA MARIA RAIZEL","ODILA RAIZEL","PT"
160000623010,"ANATERRA VIANA","ANATERRA","PT"
160000623015,"VICTÓRIA PEDRO CORRÊA","VICTÓRIA","PT"
160000623024,"MARLENE BASILIO CORRÊA","MARLENE BASILIO","PT"
160000627841,"IRACEMA DE JESUS CAMPOS","IRACEMA CAMPOS","PT"
160000623074,"LEANDRO GOMES MAIKUMA","TOTTI","PT"
160000623019,"NEVERALDO DA SILVA OLIBONI","NEVERALDO OLIBONI","PT"
160000623026,"EDENILSO DA SILVA","ZICO","PT"
160000623063,"EDINÉIA ORIBKA","EDINÉIA ORIBKA","PT"
160000623013,"JOÃOZINHO SANTANA","JOÃOZINHO SANTANA","PT"
160000623046,"EDVAR ROBSON PADILHA","ROBSON PADILHA","PT"
160000623060,"APARECIDO BIANCHO","BIANCO","PT"
160000623067,"GELSON LUIZ DE PAULA","GELSON LUIZ DE PAULA","PT"
160000623038,"ALEXANDRE FERREIRA DE CASTRO E SILVA","ALEXANDRE SILVA","PT"
160000623011,"MIRIAN APARECIDA GONÇALVES","MIRIAN GONÇALVES","PT"
160000623043,"CÍCERO PEREIRA DE SOUZA","PROFESSOR CÍCERO","PT"
160000623080,"PERICLES DE HOLLEBEN MELLO","PÉRICLES DE HOLLEBEN MELLO","PT"
160000623066,"ENIO JOSÉ VERRI","ENIO VERRI","PT"
160000627842,"ANA CAROLINA MOURA MELO DARTORA","ANA CAROLINA DARTORA","PT"
160000623027,"JOSÉ RODRIGUES LEMOS","PROFESSOR LEMOS","PT"
160000623078,"GLEITON REIS DOS SANTOS","GLEITON REIS","PT"
160000623028,"JÉSSICA LULA LIMA MAGNO","JÉSSICA MAGNO","PT"
160000623076,"MARCELO EDUARDO RIBEIRO GOMES","MARCELO GOMES","PT"
160000623017,"JOSE CARLOS BECKER DE OLIVEIRA E SILVA","ZECA DIRCEU","PT"
160000623071,"JOSE CARLOS OLIVEIRA","JOSE CARLOS","PT"
160000623033,"RENATO DE ALMEIDA FREITAS JUNIOR","RENATO FREITAS","PT"
160000623048,"GENY LEMES DA SILVA","GENY LEMES DA SILVA","PT"
160000623023,"RUI DALCION ROCHA ROSSETIM","RUI ROSSETIM","PT"
160000623020,"NILTON APARECIDO STEIN","PROF. NILTON STEIN","PT"
160000623025,"ANTONIO TADEU VENERI","TADEU VENERI","PT"
160000623068,"GIANE DE SOUZA SILVA","PROFESSORA GIANE","PT"
160000623069,"GILBERTO GRZESZEZESZYN","PROFESSOR GILBERTO","PT"
160000623040,"ANTONIO ROSNEY CARNEIRO","ANTONIO GATO PRETO ","PT"
160000623034,"RIVADAL DONIZETE PADILHA","RIVADAL","PT"
160000623079,"JOCIANE BUENO DE OLIVEIRA","JOCIANE BUENO","PT"
160000623050,"IVONE CARVALHO DOS SANTOS","IVONE DO PT","PT"
160000623073,"JOZELITO SERAFINI DA ROCHA","PROFESSOR JOZELITO","PT"
160000623042,"CARLOS ALBERTO ZANCHI","PROFESSOR CARLOS","PT"
160000623039,"ANTENOR GOMES DE LIMA","DR. ANTENOR","PT"
160000623062,"DANIEL ALBERTO TORNESI","TORNESI","PT"
160000623045,"EDNA CAMILO DANTAS","EDNA DANTAS","PT"
160000623051,"JOSIENE CRUZ","PROFESSORA JOSI CRUZ","PT"
160000623072,"JOSETE DUBIASKI DA SILVA","PROFESSORA JOSETE","PT"
160000623012,"WILSON RAMOS FILHO","XIXO","PT"
160000623065,"EDUARDO YOCHIMITSU FUJIKAWA","EDUARDO FUJIKAWA","PT"
160000623059,"ANGELA MARIA DE FATIMA PADILHA","ANGELA MARIA","PT"
160000623041,"ARILSON MAROLDI CHIORATO","ARILSON MAROLDI CHIORATO","PT"
160000628739,"SALETE APARECIDA HOESEL SCHWERTZ","SALETE SCHWERTZ","PT"
160000623061,"CÉLIA REGINA PIONTKIEVICZ","CÉLIA REGINA","PT"
160000623057,"ABEL ALVES DE OLIVEIRA","ABEL ALVES","PT"
160000623047,"FABIO RODRIGUES AMORIM","FABIO AMORIM","PT"
160000623075,"LUIZ CARLOS DA SILVA HERLLAIN","LUIZ MARIELLE HERLLAIN","PT"
160000623018,"MARCIO DE ALMEIDA RAMOS","PROFESSOR MARCIO DE COLOMBO","PT"
160000623052,"LUCIANA GUZELLA RAFAGNIN","LUCIANA RAFAGNIN","PT"
160000623022,"RODINEI PRADO DE OLIVEIRA","RODINEI PRADO","PT"
160000623021,"OSMAR ANTONIO SCHROH","PROF. OSMAR","PT"
160000623037,"ALAERTE LEANDRO MARTINS","DRA. ALAERTE MARTINS","PT"
160000623055,"AUREO NILDO XAVIER DOS SANTOS","NEGÃO DO PT","PT"
160000623031,"MOIZES DE FREITAS LEAL","LEAL","PT"
160000623044,"EDILSON JOSE GABRIEL","EDILSON GABRIEL","PT"
160000623054,"MARGARETE LOPES IUNG","MARGOT JUNG","PT"
160000623056,"CLEOMAR LEORATTO SILVEIRA","CLEOMAR GAUCHÃO DO PAVER","PT"
160000623064,"EDSON LUIS BEUREN","NEQUINHO","PT"
190000613588,"GERALDO CORREIA DE MENESES FILHO","GERALDO MENESES","PT"
190000611180,"EVERTON SAMPAIO DA SILVA ","EVERTON SAMPAIO","PT"
190000611165,"JAQUELINE GOMES DE JESUS ","PROFESSORA JAQUELINE DE JESUS","PT"
190000611190,"JOSÉ RIBAMAR DE LIMA ","RIBAMAR DADINHO ","PT"
190000611197,"NEI MIGUEZ","NEI MIGUEZ DR NEI","PT"
190000613594,"PAULO FERNANDES DE SOUZA","PAULÃO DA SAUDE ","PT"
190000611186,"JORGE FERREIRA LEAL ","JORGE LEAL ","PT"
190000611203,"ROBSON CAMPOS LEITE ","ROBSON LEITE ","PT"
190000611176,"ANTONIO ALDENISO DE OLIVEIRA ","ALDENISO DE OLIVEIRA","PT"
190000613593,"MARINALDO SILVA SANTOS ","PSICOLOGO MARINALDO ","PT"
190000611193,"MARCEL SILVANO DA SILVA SOUZA","MARCEL SILVANO","PT"
190000613579,"MARIA DAS GRAÇAS GOMES FRANCO ","GRAÇA DO PT","PT"
190000628728,"JESSICA TITIRY DA COSTA ","JÉSSICA TITIRY","PT"
190000611184,"GILBERTO SILVA PALMARES ","GILBERTO PALMARES ","PT"
190000611166,"LETICIA RIBEIRO DE OLIVEIRA","LETÍCIA FLORÊNCIO","PT"
190000613595,"PAULO PAGANINI DE SOUZA COUTINHO","MAESTRO PAULO PAGANINI","PT"
190000613581,"ROSANGELA FACANHA","FAÇANHA","PT"
190000611188,"JOSÉ AUGUSTO TELLES DE LIMA","AUGUSTO TELLES","PT"
190000611160,"CLARICE DE FREITAS SILVA AVILA ","PROFESSORA CLARICE ","PT"
190000611162,"CLAUDETE DA COSTA FERREIRA","CLAUDETE COSTA","PT"
190000613607,"EDSON ALVES SILVA JUNIOR ","EDINHO ","PT"
190000613602,"BENEDITA SOUZA DA SILVA SAMPAIO ","BENEDITA DA SILVA ","PT"
190000613580,"MARIA LUCIA COSTA SILVA ","DRA LUCIA COSTA","PT"
190000613597,"RIVALNEY DESSERBELLES PEDROSA","PEDROSA","PT"
190000611201,"ROBERCIL DA ROCHA PARREIRA ","DR.RUBINHO DA DIVINÊIA","PT"
190000611170,"PRISCILA SOARES SANTOS ","PRISCILA SOARES","PT"
190000611178,"BRUNO DE ANDRADE FERREIRA ","BRUNINHO ANDRADE","PT"
190000613589,"JOSÉ LEÃO MENEZES FILHO ","PROFESSOR LEÃO ","PT"
190000611187,"JORGE LUIZ LOPES ","JORGE COLINS","PT"
190000613599,"WADIH NEMER DAMOUS FILHO","WADIH DAMOUS","PT"
190000613583,"SIMONE SATURNINO BRAGA DE CAMPOS ","SIMONE SATURNINO BRAGA ","PT"
190000613614,"ROGERIA DOS SANTOS CARVALHO","ROGERIA CARVALHO","PT"
190000628727,"DILMA DA CONCEIÇÃO COELHO","DILMA COELHO","PT"
190000611174,"ADELSON PEREIRA GUEDES","ADELSON GUEDES","PT"
190000611185,"JORDAN OLIVEIRA COSTA ","JORDAN COSTA","PT"
190000613604,"JOSE MARIA FERREIRA RANGEL","JOSÉ MARIA RANGEL","PT"
190000613582,"ROSIMERI DA SILVA MARONGIU ","ROSE DA SILVA ","PT"
190000611163,"ELIKA TAKIMOTO","ELIKA TAKIMOTO","PT"
190000611168,"MARLI DOS SANTOS HOMEM CARVALHO","MARLI ONDA JOVEM","PT"
190000613600,"LUIZ LINDBERGH FARIAS FILHO","LINDBERGH","PT"
190000611200,"RENATO RIBEIRO DA SILVA ","RENATO RIBEIRO ","PT"
190000611205,"WALDECK CARNEIRO DA SILVA","WALDECK CARNEIRO","PT"
190000611161,"CRISTINA LINS SILVA","CRISTIAN LINS ","PT"
190000611191,"JOSÉ LUIZ MANOEL ","LUIZ TARTARUGA ","PT"
190000613606,"WASHINGTON LUIZ CARDOSO SIQUEIRA","QUAQUA","PT"
190000613585,"ADILSON NOGUEIRA PIRES","ADILSON PIRES","PT"
190000613587,"CELSO PANSERA ","CELSO PANSERA ","PT"
190000613586,"ALBERTO LUIZ VIEIRA COSTA","ALBERTO SENSATO","PT"
190000611194,"MARCELO RICARDO PRATA ","MARCELO PRATA ","PT"
190000611179,"DOUGLAS SOARES SILVA ","DOUGLAS ABOBRÃO","PT"
190000611208,"ANDRÉ LUIZ CECILIANO","ANDRÉ CECILIANO","PT"
190000611175,"ARISTIDES JOSÉ FERNANDES","TIGRE","PT"
190000613601,"MARCIA ANGELITA TIBURI","MARCIA TIBURI","PT"
190000613598,"RODRIGO MENDONÇA DOS SANTOS ","RODRIGO MENDONÇA ","PT"
190000611173,"VALTER  VERISSIMO GOMES","VALTER LEITURA ","PT"
190000611167,"MARIA NAUSTRIA DE ALBUQUERQUE","NÁUSTRIA","PT"
190000611195,"MARCO AURÉLIO DE SOUZA BARRETO","MARCO BARRETO DR MARQUINHO","PT"
190000613591,"LUIZ SERGIO NOBREGA DE OLIVEIRA ","LUIZ SERGIO ","PT"
190000611181,"ELSON EMILIO PAULO","ELSON SABIÁ MIL","PT"
190000611171,"RENATA FENO NEVES","RENATA  NEVES","PT"
190000611189,"JOSÉ CESAR CASTRO ALVES FERREIRA ","ARCANJO CESAR","PT"
190000611196,"MARCUS RIBEIRO SCURTI ","MARCUS SCURTI","PT"
190000611164,"GLORIA MARIA ALVES RAMOS","GLORYA RAMOS ","PT"
190000613584,"VERONICA DOS SANTOS LIMA","VERÔNICA LIMA","PT"
190000611204,"RONALDO DOS SANTOS ","RONALDO QUILOMBOLA ","PT"
190000611202,"ROBERTO PONCIANO GOMES DE SOUZA JUNIOR","ROBERTO PONCIANO","PT"
190000613596,"REIMONT LUIZ OTONI SANTA BARBARA ","REIMONT ","PT"
190000613590,"AFONSO LUIZ DE ALMEIDA ","AFONSO ALMEIDA","PT"
190000611207,"RENATO GUIA SAVO ABREU ","RENATO GUIA ","PT"
190000628726,"DANIEL MARMELLO BAHIA ","DANIEL BAHIA ","PT"
190000613605,"ANAZIR MARIA DE OLIVEIRA","ANAZIR","PT"
190000611198,"PAULO HENRIQUE FRANÇA ","PAULO ADONAI","PT"
190000611177,"ANTENOR DE SOUZA BATALHA ","BATALHA","PT"
190000611169,"MÔNICA MARTINS RABELO","MONICA RABELO","PT"
190000611206,"TAYNA SENA SANTOS LIMA ","TAYNÁ DO PT","PT"
190000611182,"FRANCISCO  DE ASSIS FREITAS  ","ASSIS DO PT","PT"
190000611192,"JULIO CESAR SILVA DA COSTA","JULIO CÉSAR","PT"
190000613592,"LUIZ SILVIO PEREIRA DANTAS","LUIZ DANTAS","PT"
190000611209,"ROSANGELA DE OLIVEIRA ZEIDAN ","ZEIDAN ","PT"
190000611199,"REGINALDO PEREIRA COELHO ","REGINALDO COELHO ","PT"
190000611183,"FRANCISCO ALMEIDA DE OLIVEIRA ","CHICO MOSSORÓ","PT"
190000611172,"RENATA KELLY DE ANDRADE DANTAS","RENATA KELLY ","PT"
200000606773,"SAYONARA PEREIRA CHACON DE ARAÚJO","SAYONARA CHACON","PT"
200000606756,"JOSE IDALECIO GOMES FERNANDES","IDALECIO LOIOLA","PT"
200000606713,"MANOEL JUNIOR SOUTO DE SOUZA","JÚNIOR SOUTO","PT"
200000606711,"PETRÔNIO SOUZA SPINELLI","PETRONIO SPINELLI","PT"
200000606765,"MARIA DA CONCEIÇÃO CESÁRIO DE SOUZA","IRMÃ CEIÇÃO","PT"
200000606767,"MARIA ISOLDA DANTAS DE MOURA","ISOLDA DANTAS","PT"
200000606739,"NATALIA BASTOS BONAVIDES","NATALIA BONAVIDES","PT"
200000606722,"FRANCISCO DE ASSIS JOSÉ DOS SANTOS","ASSIS","PT"
200000606720,"ISAC CARLOS DOS SANTOS","ISAC DO PT","PT"
200000606721,"JAILSON MELO MORAIS","JAILSON MORAIS","PT"
200000606742,"ADAIRTON MEDEIROS BARBOSA","ADAIRTON","PT"
200000606712,"FRANCISCO ASSIS DE MEDEIROS","FRANCISCO DO PT","PT"
200000606715,"ERALDO DANIEL DE PAIVA","ERALDO","PT"
200000606716,"GILBERTO VERISSÍMO TORRES","GILBERTO VERISSIMO","PT"
200000606714,"JOAS FERREIRA DE ANDRADE","JOAS ANDRADE","PT"
200000606709,"MIGUEL SALUSTIANO DE LIMA","PROF MIGUEL","PT"
200000606726,"ANTONIO DUARTE SILVA","TOINHO DE MONTANHAS","PT"
200000606718,"FRANCISCO CARAMURU DE OLIVEIRA MONTE PAIVA E AZEVEDO","CARAMURU PAIVA","PT"
200000606731,"ANA MICHELE DE FARIAS CABRAL","ANA MICHELE","PT"
200000606707,"MARICELMA PEREIRA","MARICELMA PEREIRA","PT"
200000606717,"FERNANDO WANDERLEY VARGAS DA SILVA","MINEIRO","PT"
200000606724,"ALEXANDRE MOTTA CAMARA","ALEXANDRE MOTTA","PT"
200000606719,"FRANCISCO DE ASSIS GOMES FILHO","ASSIS FILHO","PT"
200000606725,"MARY REGINA DOS SANTOS COSTA","SARGENTA REGINA","PT"
200000606723,"MARCOS ANTONIO SANTANA","MARQUINHOS SINDSUPER","PT"
200000606708,"MADA CECILIA MAIA CALADO PEREIRA","MADA CALADO","PT"
200000606727,"MARIA DE FATIMA BEZERRA","FATIMA BEZERRA","PT"
200000606755,"JOAO CABRAL DE LIRA","JOÃO CABRAL","PT"
200000606710,"CLAUDIO HENRIQUE DE SÁ RODRIGUES","MAJOR HENRIQUE","PT"
220000622260,"VANDEIR PEREIRA DE SA LEITE","VANDEIR LEITE","PT"
220000628606,"SEBASTIANA CLAUDIA SOARES DA SILVA","CLAUDINHA DO AGRARIO","PT"
220000629640,"FRANCISCO PEREIRA DA SILVA","ZÉ DO PT","PT"
220000629641,"JOAO ROQUE BONFIM","ROQUE O PT","PT"
220000620331,"FABIO JANILSON PEREIRA DE OLIVEIRA","FABIO JANILSON","PT"
220000622267,"RAMON CUJUI FREITAS","RAMON CUJUI","PT"
220000620338,"MARIA DE FATIMA LIMA DA SILVA","FATIMA PT","PT"
220000629639,"FRANCISCA NOBERTO DE OLIVEIRA","FRANLINDINHA","PT"
220000629648,"JEFERSON DE PAULA REIS OLIVEIRA","PRINCE JEFERSON","PT"
220000629567,"JOSOÉ PESSOA DE SOUZA","JOSUÉ DE SOUZA","PT"
220000628029,"ANA PAULA MACIEL BRITO","PAULA MACIEL","PT"
220000628027,"ROSÁLIA OLIVEIRA DA COSTA","RSÁLIA NEGONA","PT"
220000620334,"FRANCIMAR SIMÃO DA SILVA DE CARVALHO","FRANCIMAR SIMÃO","PT"
220000620333,"JOÃO ROQUE BONFIM","ROQUE DO PT","PT"
220000622262,"FRANCIMAR SIMAO DA SILVA DE CARVALHO","FRANCIMAR SIMAO","PT"
220000629647,"SHEILA DOS SANTOS DO NASCIMENTO","SHEILA DOS SANTOS","PT"
220000622270,"MANOEL RODRIGUES DA SILVA","MANOELZINHO DO SINTERO","PT"
220000629566,"BRUNA RAFAELA MEDEIROS MARSARO","BRUNA MARSARO","PT"
220000622268,"FÁTIMA CLEIDE RODRIGUES DA SILVA","FÁTIMA CLEIDE","PT"
220000622264,"PAULO DANIEL ARAUJO BENITO","PAULO BENITO","PT"
220000620341,"VANDEIR PEREIRA DE SÁ LEITE","VANDEIR LEITE","PT"
220000622279,"LHANO FERNANDES ADORNO","LHANO FERNANDES","PT"
220000629499,"SHEILA DOS SANTOS DO NASCIMENTO","SHEILA SANTOS ","PT"
220000622265,"JOSE IRONILDO RODRIGUES NASCIMENTO","JOSE IRONILDO","PT"
220000622266,"FABIO JANILSON PEREIRA DE OLIVEIRA","FABIO JANILSON","PT"
220000628025,"JEFERSON DE PAULA REIS OLIVEIRA","PRINCE JEFERSON","PT"
220000629264,"ONEIDE RIBEIRO DE LIMA","NEIDINHA DA GRAÇA","PT"
220000629642,"LAZARO APARECIDA DOBRI","LAZINHO DA FETAGRO","PT"
220000620337,"MANOEL RODRIGUES DA SILVA","MANOELZINHO DO SINTERO","PT"
220000629645,"PAULO CARVALHO DE BARROS","PAULO CARVALHO","PT"
220000622261,"MARIA DE FATIMA FERREIRA DE OLIVEIRA ROSILHO","FATINHA","PT"
220000628608,"LOHANNY GUIMARÃES SILVEIRA","LOHANNY","PT"
220000622280,"CLAUDIA REGINA ABREU","CLAUDINHA DE JESUS","PT"
220000629644,"MARIA DE FATIMA LIMA DA SILVA","FATIMA PT","PT"
220000620335,"FRANCISCA NOBERTO DE OLIVEIRA","FRANLINDINHA","PT"
220000620336,"LAZARO APARECIDA DOBRI","LAZINHO DA FETAGRO","PT"
220000629643,"MARITON BENEDITO DE HOLANDA","PADRE TON","PT"
220000629646,"RITA DE CASSIA BARBOSA LIMA","RITINHA","PT"
220000611022,"MARITON BENEDITO DE HOLANDA","PADRE TON","PT"
220000622263,"TAIS TIENE IAMAZAKI DE SOUZA","TAIS BENITO","PT"
220000628607,"ALESSANDRA DA COSTA LUNAS SANTOS","ALESSANDRA DA FETAGRO","PT"
220000620340,"RITA DE CASSIA BARBOSA LIMA","RITINHA","PT"
220000622269,"JOAO ALVES DA SILVA","JOAOZINHO DO PT","PT"
220000620339,"PAULO CARVALHO DE BARROS","PAULO CARVALHO","PT"
220000628028,"ROSÁLIA FERREIRA DE SOUZA","ROSA FERREIRA","PT"
220000620332,"FRANCISCO PEREIRA DA SILVA","ZE DO PT","PT"
220000629565,"ONEIDE RIBEIRO DE LIMA","NEIDINHA DA GRAÇA","PT"
220000628609,"ROSALIA OLIVEIRA DA COSTA","ROSALIA NEGONA","PT"
230000616019,"MAX ANTONIO REIS COSTA","MAX REIS","PT"
230000616015,"PAULO ALBERTO SOARES","PROFESSOR PAULO SOARES","PT"
230000616016,"JEANE DA SILVA RIBEIRO","JEANE RIBEIRO","PT"
230000616017,"MARIA DAS DORES DA SILVA PEREIRA","MARIA DAS DORES","PT"
230000616014,"EVANGELISTA SOARES SIQUEIRA","EVANGELISTA SIQUEIRA","PT"
230000615928,"SIVALDO SOUZA SILVA","PROFESSOR SIVALDO","PT"
230000616018,"FRANCISCO DAS CHAGAS BEZERRA DE LIMA","CHAGAS ENFERMEIRO","PT"
230000615929,"ANTONIA COSTA DA SILVA","PROFESSORA ANTONIA COSTA","PT"
210000611354,"NESTOR PEDRO SCHWERTNER","NESTOR SCHWERTNER","PT"
210000611378,"ALVACIR AIMI","ALVACIR AIMI AGRICULTOR","PT"
210000611374,"IVAN ADMAR DORNELLES DUARTE","IVAN DUARTE","PT"
210000611376,"MARCELO SGARBOSSA","MARCELO SGARBOSSA","PT"
210000611372,"DIONILSO MATEUS MARCON","MARCON","PT"
210000611341,"NELSONIR SILVA DO NASCIMENTO","NELSONIR NASCIMENTO","PT"
210000625749,"OLÍBIO ESTEVÃO NUNES DE FREITAS","OLÍBIO DE FREITAS","PT"
210000611363,"GILBERTO JOSE SPIER VARGAS","PEPE VARGAS","PT"
210000611350,"ISABELINO GARCIA DOS SANTOS","ISABELINO SANTOS","PT"
210000611382,"PAOLA LOUREIRO CARVALHO","PAOLA","PT"
210000611368,"LUIZ FERNANDO MAINARDI","MAINARDI","PT"
210000628224,"MÁRCIA ELIZA LUCAS FERREIRA","MÁRCIA LUCAS","PT"
210000611340,"NELSON LUIZ DA SILVA","NELSINHO METALURGICO","PT"
210000606448,"ANA INÉS AFFONSO","ANA AFFONSO","PT"
210000611349,"FERNANDO STEPHAN MARRONI","FERNANDO MARRONI","PT"
210000611335,"ANDREA SPENCER DA FONTOURA","ANDREA FONTOURA","PT"
210000606446,"JUÇARA MARIA DUTRA VIEIRA","JUÇARA DUTRA","PT"
210000611365,"HELENA DA SILVEIRA CHIAFFITELLI","HELENA","PT"
210000611375,"ALTEMIR ANTÔNIO TORTELLI","TORTELLI","PT"
210000611379,"ANITA BEATRIZ DORIA LUCAS DE OLIVEIRA","DRA. ANITA","PT"
210000611380,"CLAUDIR ANTONIO NESPOLO","CLAUDIR NESPOLO","PT"
210000611362,"ANTONIO VALDECI OLIVEIRA DE OLIVEIRA","VALDECI OLIVEIRA","PT"
210000611388,"LUCAS ROBERTO FARINA","LUCAS FARINA","PT"
210000611345,"LEO GIACOMO VENZON","LEO VENZON","PT"
210000611361,"SIMONE RODRIGUES MIRAPALHETE","SIMONE","PT"
210000611339,"LEONEL GUTERRES RADDE","LEONEL RADDE","PT"
210000611387,"ELÓI POLTRONIERI","ELÓI POLTRONIERI","PT"
210000611381,"DAVID ALMANSA BERNARDO","DAVID ALMANSA","PT"
210000611384,"AQUILES RODRIGUES PIRES","AQUILES PIRES","PT"
210000611383,"PAULO ROBERTO SEVERO PIMENTA","PAULO PIMENTA","PT"
210000611358,"SOFIA CAVEDON NUNES","SOFIA CAVEDON","PT"
210000611353,"LUCIA CAMINI","LUCIA CAMINI","PT"
210000611342,"ELIAS KOCZKODAY","ELIAS KOCZKODAY","PT"
210000611395,"VINICIUS DE LARA RIBAS","VINICIUS LARA","PT"
210000611338,"SAMIR SANCHES SQUEFF","SAMIR SQUEFF","PT"
210000611385,"ARI THESSING","ARI THESSING","PT"
210000611392,"NÚBIA DA SILVA DUARTE","NÚBIA DUARTE","PT"
210000611364,"HALLEY LINO DE SOUZA","HALLEY","PT"
210000611356,"ROSANGELA DORNELLES","DRA ROSANGELA","PT"
210000611390,"MARINIZA DOS SANTOS","MARI","PT"
210000611391,"MOISÉS DOS SANTOS MENDES","MOISÉS MENDES","PT"
210000611371,"STELA BEATRIZ FARIAS LOPES","STELA FARIAS","PT"
210000615151,"LUIS FERNANDO SCHMIDT","LUIS FERNANDO SCHMIDT","PT"
210000611355,"REJANE BEATRIZ VERARDO","REJANE VERARDO","PT"
210000611336,"MARCO AURELIO SPALL MAIA","MARCO MAIA","PT"
210000611352,"JOÃO EDEGAR PRETTO","EDEGAR PRETTO","PT"
210000611351,"JEFERSON OLIVEIRA FERNANDES","JEFERSON FERNANDES","PT"
210000611359,"VALMIR FERREIRA MARTINS","BABA DIBA DE IYEMONJA","PT"
210000611347,"DIANEFER BERTÉ SCHWENDLER","DIENI BERTÉ","PT"
210000611369,"NELSON SPOLAOR","NELSON SPOLAOR","PT"
210000611370,"SERGIO LUIZ KNIPHOFF","SERGIO KNIPHOFF","PT"
210000611393,"SANDRALI DE CAMPOS BUENO","IYA SANDRALI","PT"
210000611389,"MARIA DE FÁTIMA CASTRO MULAZZANI","PRETA MULAZZANI","PT"
210000611394,"VILMAR BALLIN","BALLIN","PT"
210000611360,"RITA DE CÁSSIA DELLA GIUSTINA DE OLIVEIRA","PROFESSORA RITA DELLA GIUSTINA","PT"
210000611348,"ERICA FERREIRA SOUZA","ERICA SOUZA","PT"
210000611367,"JOSE SIDNEY NUNES DE ALMEIDA","ZÉ NUNES","PT"
210000606452,"MIGUEL SOLDATELLI ROSSETTO","MIGUEL ROSSETTO","PT"
210000611386,"DENISE DA SILVA PESSÔA","DENISE PESSÔA","PT"
210000611377,"TARCÍSIO JOÃO ZIMMERMANN","TARCÍSIO ZIMMERMANN","PT"
210000611344,"GAUDÊNCIO CARDOSO FIDELIS","GAUDÊNCIO FIDELIS","PT"
210000606445,"PAULO RENATO PAIM","PAULO PAIM","PT"
210000611337,"RODRIGO MOREIRA BELTRÃO","RODRIGO BELTRÃO","PT"
210000611343,"ELVINO JOSÉ BOHN GASS","BOHN GASS","PT"
210000611346,"MARIA DO ROSÁRIO NUNES","MARIA DO ROSÁRIO","PT"
210000611366,"JEFERSON LEON MACHADO DA SILVA","JEFERSON CARECA","PT"
210000628229,"REGINETE SOUZA BISPO","REGINETE BISPO","PT"
210000611373,"HENRIQUE FONTANA JÚNIOR","HENRIQUE FONTANA","PT"
210000611357,"SANDRO CISILOTTO GARDA","SANDRO CISILOTTO GARDA","PT"
210000606447,"CLEONICE FABIANE BACK","CLEONICE BACK","PT"
240000624379,"NILSON JOSE DE SOUSA","NILSON SOUSA","PT"
240000624334,"ELENIRA OLIVEIRA VILELA","ELENIRA ","PT"
240000624343,"CLAUDEMIR DA ROSA","CLAUDEMIR DA ROSA","PT"
240000624347,"MANOEL FRANCISCO BENTO","BENTO","PT"
240000624350,"DANIEL FERREIRA","DAN FERREIRA","PT"
240000624354,"JOÃO JOSÉ DOS SANTOS","JOÃO JOSÉ ","PT"
240000624370,"CASIMIRO KONKEL","CASIMIRO KONKEL","PT"
240000624359,"MARILAINE CAMARA DE CAMARA","MARI CÂMARA","PT"
240000624367,"ARLETE DA SILVA","ARLETE CANARINHA","PT"
240000624344,"LÉDIO ROSA DE ANDRADE","LÉDIO ROSA","PT"
240000624365,"ADRIANO PEREIRA","ADRIANO PEREIRA","PT"
240000624376,"SIDINEZ FURLAN","FURLAN","PT"
240000624358,"LEONARDO PAVANELLO JUNIOR","LÉO PAVANELLO","PT"
240000624336,"DÉCIO NERY DE LIMA","DÉCIO LIMA","PT"
240000624349,"MARILUCI DESCHAMPS ROSA","MARILUCI","PT"
240000629544,"IVANA LAÍS DA CONCEIÇÃO","IVANA LAÍS","PT"
240000624332,"ANA PAULA DE SOUZA LIMA","ANA PAULA LIMA","PT"
240000624371,"FABIANO DA LUZ","FABIANO DA LUZ","PT"
240000624337,"CLAUDIO ANTONIO VIGNATTI","VIGNATTI","PT"
240000624375,"NEODI SARETTA","NEODI SARETTA","PT"
240000624374,"MURILO CORDEIRO","MURILO CORDEIRO","PT"
240000624352," SAYONARA DE ARAUJO PESSOA","SAYONARA","PT"
240000624357,"LAURO JOSÉ MARQUES NOGUEIRA","DR. LAURO NOGUEIRA","PT"
240000624362,"PEDRO CELSO ZUCHI","CELSO ZUCHI","PT"
240000624377,"WANDERLEI MONTEIRO DE SOUZA","WANDERLEI MONTEIRO","PT"
240000624351,"JOICE MAIRA ANDREOLA KRIEGER","JOICE KRIEGER","PT"
240000624339,"IDELI SALVATTI","IDELI SALVATTI","PT"
240000624346,"VANIO DOS SANTOS","VANIO DOS SANTOS","PT"
240000624366,"ANGELO ZUNINO AZAMBUJA","ZUNINO","PT"
240000624380,"PAMELA DA FONSECA PEREIRA","PAMELA FONSECA","PT"
240000624356,"JUMERI ZANETTI","JUMERI ZANETTI","PT"
240000624341,"CÉLIO ALVES ELIAS","CÉLIO ELIAS","PT"
240000624361,"PEDRO BALDISSERA","PADRE PEDRO","PT"
240000624373,"LUCIANE MARIA CARMINATTI","LUCIANE CARMINATTI","PT"
240000624348,"DERCI PASQUALOTTO","DERCI PASQUALOTTO","PT"
240000624333,"DIRCEU LUIZ DRESCH","DIRCEU DRESCH","PT"
240000624364,"ADRIANO DE MARTINI","ADRIANINHO","PT"
240000624368,"CARLA SIMARA LUCIANA DA SILVA SALASARIO AYRES","CARLA AYRES","PT"
240000624369,"CARLITO MERSS","CARLITO MERSS","PT"
240000624338,"LINO FERNANDO BRAGANÇA PERES","LINO PERES","PT"
240000624353,"AURORA ANTUNES COELHO","AURORA COELHO","PT"
240000624378,"JEAN PIER XAVIER DE LIZ","JEAN DE LIZ","PT"
240000624360,"PAULO ROBERTO ECCEL","PAULO ECCEL","PT"
240000629543,"RICARDO PELEGRINELLO","RICARDO PELEGRINELLO","PT"
240000624363,"RUBENS BORCHARDT","RUBÃO (RUBENS BORCHARDT)","PT"
240000624372,"JOSÉ AMARILDO FARIAS","AMARILDO FARIAS","PT"
240000624355,"JOÃO OLAVIO FALCHETTI","OLAVIO FALCHETTI","PT"
240000624340,"ALCIMAR DE OLIVEIRA","KIKO","PT"
240000624345,"IRIO CORRÊA","IRIO CORRÊA","PT"
240000624335,"MARTA VANELLI","MARTA VANELLI","PT"
240000624342,"PEDRO FRANCISCO UCZAI","PROFESSOR PEDRO UCZAI","PT"
260000623630,"ANTONIO MARCOS FERREIRA DOS ANJOS","MARQUINHOS PROPRIÁ","PT"
260000623574,"ELIANE AQUINO CUSTODIO","ELIANE AQUINO","PT"
260000623623,"ADALBERTO MENDES NETO","PROFESSOR ADALBERTO","PT"
260000623632,"FRANCISCO GUALBERTO DA ROCHA","FRANCISCO GUALBERTO","PT"
260000623620,"ANGELA MARIA DE MELO","PROFESSORA ÂNGELA","PT"
260000623627,"MARIA DAS DORES SANTOS","PROFESSORA LILI","PT"
260000623626,"ESMERALDO LEAL DOS SANTOS","ESMERALDO LEAL","PT"
260000623633,"JOELITON DOS SANTOS FEITOSA","JOELITON FEITOSA","PT"
260000623617,"ROGERIO CARVALHO SANTOS","ROGERIO CARVALHO SANTOS","PT"
260000623634,"JOSE CLAUDIO SILVA BARRETO","CLÁUDIO CADUCHA","PT"
260000623631,"CARLOS ROBERTO LEAL DE MENEZES","GALEGO DA BURRA","PT"
260000623628,"MARIA TAIRES DOS SANTOS","TAÍRES","PT"
260000623635,"JOSE IRAN BARBOSA FILHO","IRAN BARBOSA","PT"
260000623629,"MARIANE BATISTA SANTOS","MARIANE LEITE","PT"
260000623622,"MARCIO COSTA MACÊDO","MARCIO MACÊDO","PT"
260000623624,"ADRIAN TAYSLANIA BRITO DOS SANTOS","ADRIAN TAYSLANIA","PT"
260000623636,"SEBASTIAO TEIXEIRA ALEIXO","SEBASTIAO ALEIXO","PT"
260000623621,"JOAO SOMARIVA DANIEL","JOAO DANIEL","PT"
250000623948,"LUIZ ROQUE EIGLMEIER","PROF. LUIZ ROQUE","PT"
250000628952,"JUCIMÁRIO GALDINO BARBOSA","BIBI PARELHEIROS","PT"
250000624042,"NOEMIA BENTO DE OLIVEIRA","NOEMIA OLIVEIRA","PT"
250000623892,"ALEXANDRE ROCHA SANTOS PADILHA","ALEXANDRE PADILHA","PT"
250000623991,"ABDAEL AMBRUSTER","BIDA","PT"
250000623973,"CLAUDIO COSTA SANTOS","PROFESSOR CLAUDIO COSTA","PT"
250000623965,"VALDOMIRO DA PURIFICAÇÃO OLIVEIRA","MIRO PURIFICAÇÃO","PT"
250000624037,"MARIA IZABEL AZEVEDO NORONHA","PROFESSORA BEBEL","PT"
250000624015,"GARRY DERALUS","GARRY","PT"
250000623950,"MARCOS OLIVIO CONCEIÇÃO","MARQUINHOS OLIVIO","PT"
250000623936,"EDIO LOPES DOS SANTOS","EDIO LOPES","PT"
250000623997,"DENISE APARECIDA JANUÁRIA DE ASSUNÇÃO","DENISE ASSUNÇÃO","PT"
250000623999,"JORGE DO CARMO SILVA","DR. JORGE DO CARMO","PT"
250000624027,"LUIZ CLAUDIO MARCOLINO","LUIZ CLAUDIO MARCOLINO","PT"
250000623954,"MARILANDIA FRAZÃO DE ESPINOSA","PROF.. MARILANDIA FRAZAO","PT"
250000623949,"MARCIO POCHMANN","MARCIO POCHMANN","PT"
250000623885,"ANA MERCES BAHIA BOCK","ANA BOCK","PT"
250000623937,"EDNA DA SILVA DELLA NINA","EDNA DELLA NINA","PT"
250000623902,"EDSON DA PAZ","EDSON DA PAZ CANTOR CADEIRANTE","PT"
250000623947,"JOSÉ REINALDO PEREIRA","REINALDO","PT"
250000624064,"WANDA DE OLIVEIRA FERREIRA","IYA WANDA","PT"
250000623901,"CHEILA MARIA SUBENKO OLALLA","CHEILA OLALLA","PT"
250000624006,"EDUARDO DIAS DA CUNHA","PROFESSOR EDUARDO DIAS","PT"
250000623927,"ALENCAR SANTANA BRAGA","ALENCAR SANTANA","PT"
250000624019,"HERIVELTO DOS SANTOS MORAES","HERIVELTO VELA","PT"
250000623988,"ANTONIO AUGUSTO PORTO","PORTO","PT"
250000624032,"MANOEL LUÍZ DA SILVA","BOKINHA DO MARINGÁ","PT"
250000624035,"MARCIA APARECIDA OVEJANEDA LIA","MARCIA LIA","PT"
250000623925,"VICENTE PAULO DA SILVA","VICENTINHO","PT"
250000628954,"DAVID JOSÉ FELICIANO","DAVID PADAK FELICIANO","PT"
250000624065,"CARLOS ALBERTO PLETZ NEDER","CARLOS NEDER","PT"
250000623964,"SANDRA APARECIDA PEREIRA","PROF. SANDRA CANTII","PT"
250000624009,"EMIDIO PEREIRA DE SOUZA","EMIDIO DE SOUZA","PT"
250000623929,"ALFREDO ALVES CAVALCANTE","ALFREDINHO","PT"
250000623922,"SETIMA MARIA VIEIRA DE ARAUJO","SETIMA ARAUJO","PT"
250000623952,"MARIANA CERGOLI JANEIRO","MARIANA JANEIRO","PT"
250000624054,"RENATO SIMOES","RENATO SIMOES","PT"
250000624005,"EDSON PEREIRA CAMPOS","EDSON CAMPOS","PT"
250000623957,"MARIO YUKIYASU TERUYA","PROF. MARIO TERUYA","PT"
250000624062,"VERA LÚCIA RODRIGUES DE FARIA","VERA FARIA","PT"
250000623961,"REGINALDO CAMILO DOS SANTOS","ZEZINHO","PT"
250000623934,"CICERA MARIA DA CONCEIÇÃO","CICERA MARIA","PT"
250000623982,"ALEXANDRE BREVIGLIERI ALVES CASTILHO","ALEXANDRE CASTILHO","PT"
250000624008,"ELISABETH SAHÃO","BETH SAHÃO","PT"
250000624063,"WAGNER OCIMAR BALIEIRO","WAGNER BALIEIRO","PT"
250000623917,"MARILIA ELENA DA SILVA RIBEIRO","MARILIA RIBEIRO","PT"
250000624012,"EUGENIO SAID","EUGENIO SAID","PT"
250000624048,"PAULO ROBERTO FIORILO","PAULO FIORILO","PT"
250000623899,"CARLOS EDUARDO GABAS","CARLOS GABAS","PT"
250000624036,"MARIA DA PENHA SOUZA","MARIAH SOUZA","PT"
250000623994,"CLAUDIO MARQUES DA SILVA","CLÁUDIO MARQUES","PT"
250000624069,"PAULO ISOLDI MARCOS DOS SANTOS","PAULO ISOLDI MARCOS SANTOS","PT"
250000624066,"CELIO DE SOUZA","CELIO DE SOUZA","PT"
250000623958,"NILTO IGNACIO TATTO","NILTO TATTO","PT"
250000623983,"ALOISIO GAMA DE SANTANA","ALOISIO GAMA","PT"
250000623884,"LUIZ MARINHO","LUIZ MARINHO","PT"
250000623984,"ANA LIDIA DE OLIVEIRA AGUIAR","ANA LIDIA","PT"
250000624385,"MARIA IZABEL BEZERRA DE SÁ","BEL SÁ","PT"
250000623921,"RINALDO LUIZ WOLF","RINALDO WOLF","PT"
250000624052,"RENATO BISPO CAROBA","RENATO CAROBA","PT"
250000624050,"PEDRO TOURINHO DE SIQUEIRA","PEDRO TOURINHO","PT"
250000623923,"STELA REGINA DALECIO","STELA DALECIO","PT"
250000624058,"SERGIO RIBEIRO SILVA","SERGIO RIBEIRO","PT"
250000624056,"ROBERTO SAMPAIO GÂNDARA JÚNIOR","ROBERTO GÂNDARA","PT"
250000623986,"ANDRÉ LUIZ COSTA DE OLIVEIRA","ANDRÉ DO POVO","PT"
250000624022,"JOSE SIQUEIRA DE FARIA","FARIA","PT"
250000624021,"JOSE AMERICO ASCENCIO DIAS","JOSE AMERICO","PT"
250000624011,"ENIO FRANCISCO TATTO","ENIO TATTO","PT"
250000623967,"WILSON NUNES CERQUEIRA","WILSON CERQUEIRA","PT"
250000623938,"GABRIELA EVANGELISTA ARANTES DA SILVA","GABRIELA ARANTES","PT"
250000623963,"RONALDO JOSE LACERDA","RONALDO LACERDA","PT"
250000623974,"SIMÃO PEDRO CHIOVETTI","SIMÃO PEDRO","PT"
250000623987,"ANGELA CAMARGO SPINELI","ANGELA SPINELI","PT"
250000623916,"MARIA APARECIDA MARQUES DE SIMONI","MARIA DE SIMONI","PT"
250000623970,"SÔNIA MARIA ALMEIDA PIRES DE MELLO DOIN","SÔNIA DOIN","PT"
250000623945,"JOSE MENTOR GUILHERME DE MELLO NETTO","JOSE MENTOR","PT"
250000623887,"EDUARDO MATARAZZO SUPLICY","EDUARDO SUPLICY","PT"
250000623909,"IZÍDIO DE BRITO CORREIA","IZÍDIO","PT"
250000623941,"IVANIO BATISTA DA SILVA","IVANIO BATISTA DA SILVA","PT"
250000623918,"MICHELLE MARIA DOS SANTOS SALAZAR","MICHELLE DA COMUNIDADE","PT"
250000624033,"MARCELO PEDROSO DE OLIVEIRA","MARCELO PEDROSO","PT"
250000623979,"ALESSANDRA TRINDADE SHIMOMOTO","ALESSANDRA SHIMOMOTO","PT"
250000623946,"JOSÉ BARBOSA DOS SANTOS SILVA","BARBOSA JUNIOR","PT"
250000624003,"EDMILSON SOUZA SANTOS","EDMILSON","PT"
250000624067,"SIDNEI LUIZ MENESES ROSA","SIDNEI ROSA","PT"
250000623886,"JILMAR AUGUSTINHO TATTO","JILMAR TATTO","PT"
250000623992,"CLAUDILSON LEITE PEREIRA","CLAUDILSON PEZÃO","PT"
250000623951,"MARIA ROSA PEREIRA OLIVEIRA","ROSA OLIVEIRA","PT"
250000623928,"ALEX OLIVEIRA DA SILVA","ALEX ALLOS","PT"
250000623953,"MARIANA ROSSETO SANTOS","PROFESSORA MARIANA","PT"
250000623980,"ALESSANDRO CEZAR ARAUJO AZEVEDO","ALE AZEVEDO, O PALHAÇO CHARLES","PT"
250000623975,"ADELIA OLIVEIRA DE FARIAS","ADELIA","PT"
250000623905,"ELAINE CRISTINA LOPES TERRON","PROF. ELAINE TERRON","PT"
250000623893,"ANA LUCIA LIPPAUS PERUGINI","ANA PERUGINI","PT"
250000623911,"JULIANA CARDOSO","JULIANA CARDOSO","PT"
250000623891,"SILVANA DONATTI","SILVANA DONATTI","PT"
250000623942,"JOSE ANTONIO DO CARMO CRUZ","JOSÉ ANTONIO","PT"
250000623924,"TELMA SANDRA AUGUSTO DE SOUZA","TELMA DE SOUZA","PT"
250000623895,"BRUNO RAMOS DA SILVA","BRUNO RAMOS","PT"
250000624013,"FABIANO GREGÓRIO","FABIANO GREGORIO","PT"
250000623993,"CLAUDIO APARECIDO DA SILVA","PRETO CLAUDINHO","PT"
250000623900,"CARLOS JANUÁRIO","CARLOS JANUÁRIO","PT"
250000624055,"ROBERTA MOREIRA LUCHSINGER","ROBERTA LUCHSINGER","PT"
250000623926,"ADMILSON LUCIO OLIVEIRA","ADMILSON","PT"
250000624017,"GERSON LUIS BITTENCOURT","GERSON BITTENCOURT","PT"
250000623955,"MARINALVA GONÇALVES DE BRITO","MARINALVA BRITO","PT"
250000624002,"EDIVALDO DE OLIVEIRA LIMA","EDDY LIMA SHOW","PT"
250000624057,"ROSA MARIA CHIQUETTO","ROSA CHIQUETTO","PT"
250000624014,"FERNANDA APARECIDA DOS SANTOS","FERNANDA SANTOS","PT"
250000624040,"MIRLEI ANTONIO CASALE","PROF. MIRLEI ANTONIO CASALE","PT"
250000624007,"ELENITA DO CARMO OLIVEIRA MARTINS","ELENITA MARTINS","PT"
250000624044,"NORMANDO COSTA DE ANDRADE FILHO","NORMANDY PANTERA NEGRA","PT"
250000624051,"RAIMUNDO BERNARDINO DO NASCIMENTO","RAIMUNDO BERNARDINO","PT"
250000623933,"BENEDITO ROBERTO BARBOSA","DITO","PT"
250000623940,"GILDENOR ALVES FREIRE","GIL FREIRE","PT"
250000624026,"LEANDRO BRUNO FELICIO","BRUNO FELICIO","PT"
250000623972,"ANA MARIA DO CARMO ROSSETO","ANA DO CARMO","PT"
250000624031,"LUZIA JOSÉ DOS SANTOS VECCHIATTI","ENFERMEIRA LUZIA","PT"
250000624034,"MARCELO SAMUEL DA COSTA","MARCELO COSTA","PT"
250000623943,"JOSE DE FILIPPI JUNIOR","FILIPPI","PT"
250000623978,"AILTON FRANCISCO CABRAL","AILTON CABRAL","PT"
250000623898,"CARLOS CÉSAR GONÇALVES","CACÁ DOS RURAIS","PT"
250000624029,"LUIZ FERNANDO TEIXEIRA FERREIRA","LUIZ FERNANDO","PT"
250000624038,"MARIO MAURICI DE LIMA MORAIS","MAURICI","PT"
250000623968,"RUI GOETHE DA COSTA FALCÃO","RUI FALCÃO","PT"
250000624028,"LUIZ FERNANDO STOPPA","FERNANDO STOPPA","PT"
250000623906,"ELOI ALFREDO PIETÁ","ELOI PIETÁ","PT"
250000623930,"AMÉLIA NAOMI OMURA","AMÉLIA NAOMI","PT"
250000623910,"JOÃO CARLOS FRANÇA DE PAULA SANTOS","DR. JOÃO CARLOS","PT"
250000623944,"JOSE MAURO FAGUNDES DE SOUSA","PROF. SURDO MAURINHO FAGUNDES","PT"
250000623896,"CARLOS ALBERTO PEREIRA BEZERRA","BEZERRA","PT"
250000623894,"ARLINDO CHIGNALIA JUNIOR","ARLINDO CHINAGLIA","PT"
250000623976,"ADRIANO DIOGO","ADRIANO DIOGO","PT"
250000624383,"MARIA DOS ANJOS SOARES MIRANDA","MARIA MIRANDA","PT"
250000623989,"ANTONIO MENTOR DE MELLO SOBRINHO","ANTONIO MENTOR","PT"
250000624004,"EDINALVA SILVA FRANCO","EDINALVA FRANCO","PT"
250000623939,"GERALDO ALVES DIONÍSIO","GERALDO O ILUMINADO","PT"
250000623915,"LUIZ PAULO TEIXEIRA FERREIRA","PAULO TEIXEIRA","PT"
250000623995,"CÁSSIA APARECIDA JACINTHO LACERDA","CÁSSIA LACERDA","PT"
250000623977,"AGNELO DA SILVA MATOS NETO","AGNELO MATOS","PT"
250000624053,"RENATO MORENI AIRES DA SILVA","RENATO MORENI","PT"
250000623914,"LAEDISON DOS SANTOS","LAEDISON SANTOS","PT"
250000624043,"NORMACI SOUSA SAMPAIO","NADIR SAMPAIO","PT"
250000624025,"JOÃO BATISTA PINHEIRO SANTOS FILHO","JOAO BATISTA","PT"
250000624061,"TEONILIO MONTEIRO DA COSTA","BARBA","PT"
250000623966,"VALMIR PRASCIDELLI","VALMIR PRASCIDELLI","PT"
250000623969,"LUCIVAL ALMEIDA DA CRUZ","SANCLEAR CRUZ","PT"
250000623920,"PAOLLA CATHERINE DOS SANTOS MIGUEL AGARD","PAOLLA MIGUEL","PT"
250000623897,"CARLOS ALBERTO ROLIM ZARATTINI","CARLOS ZARATTINI","PT"
250000624046,"OSWALDO DIAS","OSWALDO DIAS","PT"
250000623904,"EDUARDO TADEU PEREIRA","PROFESSOR EDUARDO","PT"
250000624000,"EDILEIDI CANETE RAMOS","LEIDI PLUS","PT"
250000624020,"JOAQUIM MISAEL DA SILVA","JOAQUIM MISAEL","PT"
250000623907,"ELVIS ANTUNES RUAS","DON ELVIS","PT"
250000624030,"LUIZ MARTINO TURCO","LUIZ TURCO","PT"
250000624001,"EDISON LUÍS ALVES","EDISON LUIS","PT"
250000623985,"ANDRESA DA SILVA FURINI","ANDRESA FURINI","PT"
250000623913,"JÚLIA MARTIN DA CRUZ","JÚLIA MARTIN","PT"
250000623962,"RICARDO ALVES MARINHO","RICARDO MARINHO","PT"
250000624045,"ORLANDO MAURÍCIO JÚNIOR","MAURÍCIO BRINQUINHO","PT"
250000623919,"ODERLAN PEREIRA DE SOUZA","PROFESSOR ODERLAN","PT"
250000623998,"DEUSDETE ALVES DE ASSUNÇÃO","DEUSDETE","PT"
250000623956,"MARIO FERREIRA","MARIO FERREIRA","PT"
250000624010,"ENI FERNANDES","ENI FERNANDES","PT"
250000624382,"JOSILDA DE ARAÚJO CABRAL DO NASCIMENTO","JO ARAÚJO","PT"
250000624024,"JOZY ELLEN DIAS SOUZA DE LEMOS","JOZY LEMOS","PT"
250000623912,"JULIANA FRAGA E SILVA DE SOUZA","JULIANA FRAGA","PT"
250000623908,"FRANCISCO DAS CHAGAS FRANCILINO","FRANCISCO CHAGAS","PT"
250000624023,"JOSÉ CARLOS DE AQUINO","CARLOS AQUINO","PT"
250000624384,"PATRICIA RODRIGUES DA SILVA","PATRICIA RODRIGUES - PAGU","PT"
250000623990,"ANTONIO ROBERTO DE SOUZA","ROBERTO ENFERMEIRO","PT"
250000623931,"ANDRE BASTIANON PONTES","ANDRE BASTIANON","PT"
250000623932,"ARNOR BARBOSA DOS SANTOS","ARNOR BARBOSA","PT"
250000623960,"PAULA FRANCINETE COSTA LEITE","PAULA LEITE","PT"
250000623971,"JORGE AUGUSTO ROQUE SOUZA","JORGE ROQUE","PT"
250000624059,"SIMONE DINIZ DI STADIO DE ARAUJO","SIMONE PROTETORA DOS ANIMAIS","PT"
250000623903,"EDUARDO MARCHIORI LEITE DA SILVA","EDUARDO LEITE","PT"
250000623996,"CÁSSIA GONÇALVES DE JESUS","CÁSSIA GONÇALVES","PT"
250000624018,"HAMILTON PEREIRA","HAMILTON PEREIRA","PT"
250000624068,"VALQUIRIA JUSTINO","VALQUIRIA JUSTINO","PT"
250000623981,"ALEX SANDRO GOMES","ALEX MINDUÍN","PT"
250000623935,"CLAUDIO RAMOS MOREIRA","CLAUDIO RAMOS","PT"
250000624049,"PEDRO FELIPE JACYNTHO DOS SANTOS","PEDRO FELIPE","PT"
250000623959,"OCIDENE JANUARIO DA SILVA SANTANA","SANTANA","PT"
250000624016,"GERALDO LEITE DA CRUZ","GERALDO CRUZ","PT"
250000624060,"TELMA FORTUNATO DA SILVA SANT ANNA","TELMA SANT ANNA","PT"
250000624039,"MARLEIDE SOARES DA SILVA","MARLEIDE SOARES","PT"
250000624047,"PAULO CESAR GOMES MARTINS","PAULO GAÚCHO","PT"
250000624041,"MOHAMAD SAMI EL KADRI","MOHAMED EL KADRI","PT"
270000620990,"MARILENE FRANCISCA ROCHA","PRETINHA","PT"
270000620984,"JOSE ROBERTO RIBEIRO FORZANI","ZÉ ROBERTO","PT"
270000626092,"LUIS ANTONIO FARIA MOTA","DR. LUIS ANTONIO","PT"
270000626126,"MARIA VANIR ILIDIO","MARIA VANIR","PT"
270000620978,"AMALIA MARIA SANTANA DA SILVA","AMALIA SANTANA","PT"
270000626122,"CELIO ALVES DE MOURA","CELIO MOURA","PT"
270000620992,"RAIMUNDO MARCOS SOARES COELHO","RAIMUNDO MARCOS","PT"
270000620985,"FRANCISCO MAURICIO ALVES FRANCELINO","PROF. FRANCISCO FRANCELINO","PT"
270000626123,"CICERA SOARES","CICERA DO PT","PT"
270000620975,"PAULO SOUSA MOREIRA","CAXAPAU","PT"
270000626120,"ADÃO FRANCISCO DE OLIVEIRA","PROFESSOR ADÃO FRANCISCO","PT"
270000620988,"DOMICIO FERNANDES JUNIOR","DOMICIO DO NORDESTE","PT"
270000620995,"SARAY ALVES BATISTA","SARAY ALVES","PT"
270000626124,"JOSE ARIMATEIA DE MACEDO","DR. ARIMATEIA","PT"
270000629137,"JOÃO HELDER VILELA","VILELA","PT"
270000621001,"CLEUDIANE PEREIRA CARDOSO","CLEUDIANE PEREIRA CARDOSO","PT"
270000620991,"ANTONIO MARCOS NUNES BANDEIRA","ANTONIO MARCOS","PT"
270000620981,"TEREZINHA DE JESUS DE ARAUJO COSTA","PROFESSORA TEREZINHA","PT"
270000620994,"SOLANGE JANE TAVARES DUAILIBE DE JESUS","SOLANGE DUAILIBE","PT"
270000620979,"JOESSI FERREIRA DE BRITO","JOESSI DO SKINÃO","PT"
270000626090,"PAULO SARDINHA MOURÃO","PAULO MOURÃO","PT"
270000626125,"JOSE JULIO FERNANDES","JULIO CARTEIRO","PT"
270000620983,"VALMIR RODRIGUES DA SILVA","VALMIR ELETRICISTA","PT"
270000626127,"RONALDO COSTA SOUSA","RONALDINHO","PT"
270000620996,"EUTALIA BARBOSA RODRIGUES NAVES","EUTALIA","PT"
270000626121,"BISMARQUE ROBERTO DE SOUSA MIRANDA","BISMARQUE DO MOVIMENTO","PT"
270000620980,"MARINALDO PASSOS BARROS","HOMEM DA VASSOURA","PT"
270000620976,"GEUVAR SILVA DE OLIVEIRA","GEUVAR","PT"
270000620987,"FABIANO KENJI NOHAMA","PROF. FABIANO KENJI","PT"
270000620982,"CLEA ELOISA DO REGO","PROF. CLEA","PT"
270000620977,"JOSE SALOMÃO JACOBINA AIRES","JOSE SALOMÃO","PT"
270000620989,"JOSE FABRISQUIANO DE ASSIS","FABRISQUIANO","PT"
270000620986,"MARIA DA PAZ ALVES HORTEGAL","PROFESSORA DA PAZ","PT"
270000620993,"THAWANNY RODRIGUES MONTEIRO","THAWANNY JUVENTUDE","PT"
270000620997,"VILMAR SOUSA DE OLIVEIRA","VILMAR SOUSA","PT"
