"coligacao_id","coligacao","coligacao_partido","uf"
10000050286,"MUDANÇA COM COMPROMISSO","PP / PMN / PPS / PTC / PR","AC"
10000050647,"MUDANÇA E COMPETÊNCIA III","PSDB / DEM","AC"
10000050220,"Frente Popular do Acre I","PT / PSB / PHS / PC do B / DC","AC"
10000050011,"Muda Acre de Verdade","PSL / PATRIOTA / PSC","AC"
10000050218,"Frente Popular do Acre II","PT / PC do B","AC"
10000050139,"PARTIDO ISOLADO","PSB","AC"
10000050284,"MUDANÇA E COMPETÊNCIA - II","PSD / MDB","AC"
10000050007,"FRENTE - PSOL, PV, PRP E PPL","PSOL / PV / PRP / PPL","AC"
10000050063,"PARTIDO ISOLADO","PDT","AC"
10000050036,"PARTIDO ISOLADO","PTB","AC"
10000050039,"PARTIDO ISOLADO","REDE","AC"
10000050189,"COLIGAÇÃO FRENTE TRABALHISTA CRISTÃ","DC / PRTB","AC"
10000050085,"PARTIDO ISOLADO","SOLIDARIEDADE","AC"
10000050109,"FORÇA DA UNIÃO FPA III","PMB / PHS","AC"
10000050028,"FRENTE POPULAR REPUBLICANA SOCIAL ","PROS / PODE / PRB","AC"
10000050074,"Mudança e Competência 1","PP / PSDB / PSD / MDB / DEM / SOLIDARIEDADE / PTC / PMN / PR / PTB / PPS","AC"
10000050418,"Frente Popular do Acre","PRB / PDT / PT / PODE / PROS / PC do B / PSB / PV / PSOL / PHS / PRTB / DC / PPL / PMB","AC"
10000050087,"MUDANÇA E COMPETÊNCIA","PP / MDB / PSDB / DEM / PSD / PTB / PMN / SOLIDARIEDADE / PTC / PR / PPS","AC"
10000050001,"PARTIDO ISOLADO","REDE","AC"
10000050031,"CHAPINHA - FPA II","PSOL / PV / PPL / PRP / PRB / PODE / PROS / PMB","AC"
10000050660,"PARTIDO ISOLADO","AVANTE","AC"
10000050679,"PARTIDO ISOLADO","PRTB","AC"
20000050606,"Avança Mais Alagoas 2","MDB / PR / PTB / PHS / PRP / PSD / SOLIDARIEDADE","AL"
20000050511,"RECONSTRUIR ALAGOAS","PSOL / PCB","AL"
20000050568,"Avança Mais Alagoas","MDB / PODE / PPS / PDT / PR / PTB / PHS / PT / PV / PRP / PSD / PRTB / DC / PC do B / AVANTE / SOLIDARIEDADE / PMN","AL"
20000050331,"AVANÇA ALAGOAS","AVANTE / PDT / PODE / PMN","AL"
20000050159,"Alagoas que o povo quer! II","PC do B / PV","AL"
20000050446,"Alagoas com o Povo I","DEM / PTC / PSDB / PP / PSB / PSC / PROS / PRB","AL"
20000050452,"MUDA ALAGOAS DE VERDADE","PSL / PATRIOTA / PPL","AL"
20000050497,"PARTIDO ISOLADO","PCO","AL"
20000050176,"Alagoas que o Povo Quer","PT / PV / PC do B","AL"
20000050447,"Alagoas com o Povo II","PTC / PSDB / PP / PSB / PSC / PROS / PRB / DEM","AL"
20000050718,"Avança mais Alagoas III","PHS / DC / SOLIDARIEDADE","AL"
20000050577,"Avança Mais Alagoas 1","MDB / PPS / PDT / PR / PTB / PT / PRTB / PODE / PRP / PSD / PMN / AVANTE","AL"
20000050227,"Círculo Democrático","PRTB / PPS / DC","AL"
20000050079,"PARTIDO ISOLADO","REDE","AL"
20000050444,"Alagoas com o Povo","PTC / PSDB / PP / PSB / PSC / PROS / PRB / DEM","AL"
20000050330,"PARTIDO ISOLADO","PSTU","AL"
20000050023,"PARTIDO ISOLADO","NOVO","AL"
40000050279,"RENOVA AMAZONAS","PODE / PMN / PSB / PROS","AM"
40000050342,"EU VOTO NO AMAZONAS IV","PP / PR / PPL / SOLIDARIEDADE","AM"
40000050272,"TRANSFORMAÇÃO POR UM NOVO AMAZONAS","REDE / PSC / PRTB","AM"
40000050309,"PARTIDO ISOLADO","PPS","AM"
40000050768,"O POVO FELIZ DE NOVO","PC do B / PT","AM"
40000050133,"PARTIDO ISOLADO","PATRIOTA","AM"
40000050463,"EU VOTO NO AMAZONAS V","PHS / PTB / PSL","AM"
40000050212,"AMAZONAS COM SEGURANÇA II","PSDB / PTC","AM"
40000050493,"RENOVA AMAZONAS II","PSB / PMB / PROS","AM"
40000050241,"PARTIDO ISOLADO","PMN","AM"
40000050628," EU VOTO NO AMAZONAS III ","PDT / PRP / AVANTE","AM"
40000050067,"PARTIDO ISOLADO","PSOL","AM"
40000050474,"POR UM AMAZONAS MELHOR","MDB / DC","AM"
40000050239,"PARTIDO ISOLADO","PV","AM"
40000050229,"AMAZONAS COM SEGURANÇA ","PSD / PRB / DEM / PTC / PSDB","AM"
40000050278,"EU VOTO NO AMAZONAS I","PDT / PP / PV / PR / SOLIDARIEDADE / PTB / PHS / PSL","AM"
40000050626,"EU VOTO NO AMAZONAS II","PPS / PPL / PRP / AVANTE","AM"
40000050228,"AMAZONAS COM SEGURANÇA I","PSD / PRB / DEM","AM"
40000050473,"PARTIDO ISOLADO","MDB","AM"
40000050781,"PARTIDO ISOLADO","PDT","AM"
40000050142,"PARTIDO ISOLADO","PMB","AM"
40000050267,"EU VOTO NO AMAZONAS","PDT / PRP / AVANTE / PP / PV / PR / SOLIDARIEDADE / PPS / PTB / PHS / PSL / PPL","AM"
40000050276,"TRANSFORMAÇÃO POR UM NOVO AMAZONAS","REDE / PRTB / PSC","AM"
40000050273,"TRANSFORMAÇÃO POR UM NOVO AMAZONAS","REDE / PSC / PRTB","AM"
40000050214,"PODE","PODE","AM"
40000050103,"AMAZONAS COM SEGURANÇA","PSD / PSDB / DEM / PRB / PTC / PATRIOTA","AM"
40000050119,"RENOVA AMAZONAS","PODE / PMN / PMB / PSB / PROS","AM"
40000050275,"TRANSFORMAÇÃO POR UM NOVO AMAZONAS","PSC / PRTB / REDE","AM"
40000050030,"PARTIDO ISOLADO","PSTU","AM"
30000050128,"PARTIDO ISOLADO","PT","AP"
30000050520,"TRABALHO E UNIÃO PELO AMAPÁ","DEM / REDE / PSDB / PPL / PP / PSC / AVANTE / PSD / PODE / SOLIDARIEDADE","AP"
30000050080,"O AMAPÁ QUE QUEREMOS","PHS / PR / PSL","AP"
30000050608,"FORÇA E TRABALHO","PV / PMN / PSOL","AP"
30000050523,"PARTIDO ISOLADO","PP","AP"
30000050078,"ATITUDE E VERDADE","PR / PHS","AP"
30000050499,"FRENTE POPULAR","REDE / PPL","AP"
30000050622,"UM NOVO TEMPO","SOLIDARIEDADE / PSD","AP"
30000050683,"AMAPÁ DA GENTE","PRB / PTB / DC / PTC / PRP","AP"
30000050318,"JUNTOS SOMOS FORTES","PROS / PTB / PMB","AP"
30000050588,"COMPROMISSO COM A MUDANÇA","DEM / PSDB / AVANTE","AP"
30000050206,"PARTIDO ISOLADO","PTB","AP"
30000050574,"COM A FORÇA DO POVO PRA SEGUIR AVANÇANDO","PDT / MDB / DC / PRB","AP"
30000050088,"UNIDOS PELO AMAPA","PPS / PSL","AP"
30000050384,"PARTIDO ISOLADO","PSC","AP"
30000050501,"JUNTOS PODEMOS","REDE / PPL / AVANTE / SOLIDARIEDADE / PODE","AP"
30000050620,"PARTIDO ISOLADO","PTC","AP"
30000050643,"PARTIDO ISOLADO","PODE","AP"
30000050518,"PARTIDO ISOLADO","PSB","AP"
30000050681,"A RENOVAÇÃO QUE A GENTE QUER","PC do B / PRP","AP"
30000050458,"ALIANÇA SOCIAL E DEMOCRATICA","DEM / PSDB / PP / PSC / PSD","AP"
30000050517,"COM O POVO PRA AVANÇAR","PSB","AP"
30000050277,"PARTIDO ISOLADO","PSTU","AP"
30000050363,"COM A FORÇA DO POVO POR MAIS CONQUISTAS","PDT / PROS / PTB / MDB / DC / PRB / PRP / PC do B / PMB","AP"
30000050519,"COM O POVO PRA RENASCER","PSB","AP"
30000050168,"PARTIDO ISOLADO","MDB","AP"
30000050369,"COM A FORÇA DO POVO PRA SEGUIR CRESCENDO","PDT / PC do B / MDB / PROS","AP"
30000050470,"PARTIDO ISOLADO","PCB","AP"
50000050203,"COLIGAÇÃO REDE PATRIOTA DA BAHIA","PATRIOTA / REDE","BA"
50000050210,"PRA MUDAR DE VERDADE","MDB / DC","BA"
50000050032,"PARTIDO ISOLADO","PSOL","BA"
50000050111,"PARTIDO ISOLADO","PC do B","BA"
50000050291,"PARTIDO ISOLADO","PDT","BA"
50000050018,"PARTIDO ISOLADO","NOVO","BA"
50000050612,"Time do Trabalho de Todos os Baianos","PMN / PTC / PRP / PMB","BA"
50000050150,"BAHIA LIVRE","PSC / PTB / PPL","BA"
50000050532,"PARTIDO ISOLADO","SOLIDARIEDADE","BA"
50000050222,"POR UMA BAHIA MELHOR","DEM / PRB / PV / PSDB","BA"
50000050178,"RENOVA BAHIA","PHS / PPS / PRTB / PSL","BA"
50000050122,"COLIGAÇÃO REDE PATRIOTA","REDE / PATRIOTA","BA"
50000050213,"FRENTE DO TRABALHO POR TODOS OS BAIANOS","AVANTE / PROS","BA"
50000050209,"FORÇA DO TRABALHO PELA BAHIA","PT / PMB / PSD / PR / PDT / PODE / PRP / PP / PSB / AVANTE","BA"
50000050619,"PARTIDO ISOLADO","REDE","BA"
50000050604,"Time do Trabalho do Povo Baiano","PTC / PMN","BA"
50000050223,"UNIDOS PARA MUDAR A BAHIA","DEM / PRB / PV","BA"
50000050204,"FRENTE DO TRABALHO POR TODA BAHIA","PT / PC do B / PP / PSB / PSD / PR / PODE","BA"
50000050236,"LIBERTA BAHIA","PSC / PTB / SOLIDARIEDADE / PPL","BA"
50000050172,"PARTIDO ISOLADO","PSDB","BA"
50000050317,"PARTIDO ISOLADO","PROS","BA"
50000050202,"MAIS TRABALHO POR TODA A BAHIA","PT / PP / PDT / PSD / PSB / PC do B / PR / PMB / PRP / PODE / AVANTE / PMN / PROS / PTC","BA"
50000050216,"CORAGEM PARA MUDAR A BAHIA","DEM / PSDB / PSC / PTB / PRB / SOLIDARIEDADE / PV / PPL","BA"
50000050586,"BAHIA ACIMA DE TUDO, DEUS ACIMA DE TODOS","PRTB / PSL","BA"
50000050490,"PARTIDO ISOLADO","PCO","BA"
60000050325,"PT/PV/PSB","PT / PV / PSB","CE"
60000050528,"PARTIDO ISOLADO","PTC","CE"
60000050298,"PARTIDO ISOLADO","PATRIOTA","CE"
60000050322,"PPS / PRTB / PPL","PPS / PRTB / PPL","CE"
60000050534,"FRENTE DE ESQUERDA SOCIALISTA","PSOL","CE"
60000050042,"PARTIDO ISOLADO","PROS","CE"
60000050602,"PARTIDO ISOLADO","REDE","CE"
60000050310,"PARTIDO ISOLADO","PSDB","CE"
60000050138,"TRABALHO, DIGNIDADE E LUTA","PC do B / PTB","CE"
60000050319,"JUNTOS PARA RENOVAR","DC / PSL","CE"
60000050146,"MDB/PHS/AVANTE/SD/PSD/PSC/PODEMOS/PRB","MDB / PHS / AVANTE / SOLIDARIEDADE / PSD / PSC / PODE / PRB","CE"
60000050561,"PARTIDO ISOLADO","PSTU","CE"
60000050338,"PP, PDT, PR, DEM, PRP","PP / PDT / PR / DEM / PRP","CE"
60000050295,"EM DEFESA DO CEARÁ","PT / PC do B / PP / PV / PR / PMN","CE"
60000050669,"PARTIDO ISOLADO","PMN","CE"
60000050323,"PDT, PTB, DEM, PSB, PRP, PPL","PDT / PTB / DEM / PSB / PRP / PPL","CE"
60000050303,"PRTB - PPS - PATRIOTAS","PPS / PRTB / PATRIOTA","CE"
60000050311,"TÁ NA HORA DE MUDAR","PSDB / PROS","CE"
60000050147,"A FORÇA DO POVO","MDB / PHS / AVANTE / SOLIDARIEDADE / PSD / PSC / PODE / PRB","CE"
60000050126,"PARTIDO ISOLADO","NOVO","CE"
60000050148,"PARTIDO ISOLADO","PSL","CE"
60000050448,"PARTIDO ISOLADO","PCO","CE"
60000050294,"POR UM CEARA CADA VEZ MAIS FORTE","PT / PDT / PP / PSB / PR / PTB / DEM / PC do B / PPS / PRP / PV / PMN / PPL / PATRIOTA / PRTB / PMB","CE"
60000050861,"PARTIDO ISOLADO","PCB","CE"
70000050692,"TODOS PELO DF","PSDB / DEM / DC","DF"
70000050289,"PARTIDO ISOLADO","PT","DF"
70000050383,"PARTIDO ISOLADO","MDB","DF"
70000050755,"PARTIDO ISOLADO","PSC","DF"
70000050492,"UNIDOS PELO DF 1","PRB / PODE / PPS / SOLIDARIEDADE / PSC / PSD","DF"
70000050420,"PARTIDO ISOLADO","PTB","DF"
70000050334,"Brasília Justa e de mãos limpas","PC do B / REDE","DF"
70000050689,"CORAGEM E RESPEITO PELO POVO","PR / PSDB / DEM / DC","DF"
70000050394,"BRASÍLIA ACIMA DE TUDO","PRP / PRTB","DF"
70000050141,"PARTIDO ISOLADO","PHS","DF"
70000050081,"ELAS POR NÓS: SEM MEDO DE MUDAR O DF","PSOL / PCB","DF"
70000050051,"PARTIDO ISOLADO","PP","DF"
70000050335,"RENOVA DF","PMB / PATRIOTA","DF"
70000050382,"Brasília de Mãos Limpas","PSB / PV / PC do B / PDT / REDE","DF"
70000050198,"SUSTENTABILIDADE E TRABALHO","PDT / PV","DF"
70000050065,"PARTIDO ISOLADO","NOVO","DF"
70000050230,"COLIGAÇÃO UNIDOS PELO DF 3","PRB / SOLIDARIEDADE","DF"
70000050548,"UMA NOVA ESPERANÇA","PSL / PPL","DF"
70000050525,"PARTIDO ISOLADO","PSB","DF"
70000050027,"PARTIDO ISOLADO","AVANTE","DF"
70000050746,"PARTIDO ISOLADO","DC","DF"
70000050164,"PARTIDO ISOLADO","PROS","DF"
70000050388,"UNIDOS PELO DF 2","PSD / PODE","DF"
70000050552,"PARTIDO ISOLADO","PPS","DF"
70000050436,"mobilizar pra mudar","PMN / PTC","DF"
70000050315,"PARTIDO ISOLADO","PR","DF"
70000050649,"PARTIDO ISOLADO","PPL","DF"
70000050690,"UNIÃO E FORÇA","PSDB / PR / DEM","DF"
70000050385,"PRA FAZER A DIFERENÇA","MDB / PP / AVANTE / PSL / PPL","DF"
70000050368,"UNIDOS PELO DF","PSD / PRB / PPS / SOLIDARIEDADE / PODE / PSC","DF"
70000050387,"PRA FAZER A DIFERENÇA I","MDB / PP / PSL / AVANTE","DF"
70000050437,"PARTIDO ISOLADO","PCO","DF"
70000050599,"RENOVAR DF 2","PROS / PMB / PMN","DF"
70000050166,"PARTIDO ISOLADO","PSTU","DF"
70000050657,"JUNTOS DE VOCÊ","PROS / PTB / PHS / PATRIOTA / PMN / PTC / PMB","DF"
70000050659,"RENOVAR DF","PTB / PHS / PTC / PATRIOTA","DF"
80000050600,"FORÇA DO TRABALHO","PDT / DEM / PPL / PSD","ES"
80000050691,"DEMOCRACIA COM FÉ E CORAGEM","PSB / DC","ES"
80000050761,"INOVAÇÃO COM COMPETENCIA","PTB / PMB","ES"
80000050522,"HORA DE AVANÇAR","PSB / PV / PSC / AVANTE / PTC / PPL","ES"
80000050514,"ESPÍRITO SANTO JUSTO","PPS / AVANTE / PTC","ES"
80000050656,"COMPROMISSO COM O ESPIRITO SANTO","PODE / PRTB / PMN / PATRIOTA / REDE","ES"
80000050321,"Espírito Santo Mais Forte","PP / PROS / PPS / PHS / PC do B","ES"
80000050651,"UNIÃO PELO ESPIRITO SANTO","PRP / PC do B","ES"
80000050505,"Social Progressistas","PP / PROS","ES"
80000050196,"COLIGAÇÃO EM DEFESA DA VIDA E DA FAMILIA ","PR / PRB / PSL","ES"
80000050351," A FORÇA DO TRABALHO ","PATRIOTA / PMN / REDE / PODE / MDB","ES"
80000050009,"PARTIDO ISOLADO","NOVO","ES"
80000050361,"NOVOS CAMINHOS","PSDB / PSC","ES"
80000050698,"FRENTE DE ESQUERDA SOCIALISTA","PSOL / PCB","ES"
80000050464,"COLIGAÇÃO POR AMOR AO ESPIRITO SANTO","PV / SOLIDARIEDADE / PHS","ES"
80000050727,"PARTIDO ISOLADO","PT","ES"
80000050598,"ESPIRITO SANTO FORTE","PDT / DEM / PSD / PSDB / PRP / SOLIDARIEDADE","ES"
80000050688,"ESPIRITO SANTO MAIS IGUAL","PSB / PHS / PROS / PV / PSC / AVANTE / PTC / PPS / PSDB / DEM / PDT / PP / PC do B / PPL / DC / SOLIDARIEDADE / PRP / PSD","ES"
80000050350,"UM NOVO CAMINHO PARA O ESPÍRITO SANTO","PRTB / REDE / PODE / MDB / PMN / PATRIOTA","ES"
80000050673,"PARTIDO ISOLADO","MDB","ES"
80000050749,"PARTIDO ISOLADO","PRTB","ES"
80000050724,"PARTIDO ISOLADO","DC","ES"
90000050489,"PARTIDO ISOLADO","DC","GO"
90000050442,"PÁTRIA E FAMÍLIA CRISTÃ","PSL / DC","GO"
90000050496,"MUDANÇA DE VERDADE","PT / PC do B","GO"
90000050200,"PARTIDO ISOLADO","PROS","GO"
90000050560,"PARTIDO ISOLADO","REDE","GO"
90000050481,"A MUDANÇA É AGORA IV","PODE / PRP","GO"
90000050268,"NOVAS IDEIAS NOVO GOIAS 1","MDB / PRB / PP","GO"
90000050215,"A MUDANÇA É AGORA III","DEM / PTC / PMB / PSC","GO"
90000050475,"PARTIDO ISOLADO","PP","GO"
90000050399,"DEMOCRACIA E TRABALHO","PTB / PSD","GO"
90000050567,"PRA CUIDAR DE GOIÁS","AVANTE / PR / PV","GO"
90000050445,"PARTIDO ISOLADO","PSL","GO"
90000050537,"PARTIDO ISOLADO","PATRIOTA","GO"
90000050145,"A MUDANÇA É AGORA II","PRTB / PTC / PMN / PMB","GO"
90000050281,"A MUDANÇA É AGORA V","PRTB / PMN","GO"
90000050644,"PARTIDO ISOLADO","PDT","GO"
90000050238,"NOVAS IDEIAS NOVO GOIÁS ","MDB / PRB / PHS / PP","GO"
90000050057,"PARTIDO ISOLADO","PSOL","GO"
90000050283,"NOVAS IDEIAS NOVO GOIAS 2","MDB / PRB","GO"
90000050364,"PARTIDO ISOLADO","PHS","GO"
90000050527,"GOIÁS AVANÇA MAIS - I","PSDB / PR / PSB / PPS / SOLIDARIEDADE / PTB / PSD","GO"
90000050530,"GOIÁS AVANÇA MAIS - III","PSDB / PSB / PPS","GO"
90000050605,"GOIÁS AVANÇA MAIS II","PV / REDE / AVANTE / PATRIOTA","GO"
90000050358,"A MUDANÇA É AGORA","DEM / PRP / PROS / PMN / PMB / PSC / DC / PSL / PODE / PTC / PRTB / PDT","GO"
90000050075,"PARTIDO ISOLADO","SOLIDARIEDADE","GO"
90000050246,"GOIÁS AVANÇA MAIS","PSDB / PTB / PSB / PR / PSD / PPS / SOLIDARIEDADE / PV / AVANTE / REDE","GO"
90000050428,"A MUDANÇA É AGORA I","DEM / PROS / PRP / PDT / PSC / PODE","GO"
90000050544,"PARTIDO ISOLADO","PCB","GO"
90000050485,"PARTIDO ISOLADO","PCO","GO"
90000050073,"PARTIDO ISOLADO","NOVO","GO"
90000050549,"PARTIDO ISOLADO","PATRIOTA","GO"
100000050434,"PARTIDO ISOLADO","PT","MA"
100000050245,"CORAGEM E UNIÃO PARA FAZER O MARANHÃO MELHOR - 1","PSDB / REDE / PODE / DC","MA"
100000050046,"TODOS PELO MARANHÃO 2","PDT / PP / PR / PATRIOTA","MA"
100000050640,"JUNTOS PELO MARANHÃO 2","PMN / PHS","MA"
100000050052,"TODOS PELO MARANHÃO 3","PDT / PC do B / PSB / PRB / PR / DEM / PP / PTC / AVANTE","MA"
100000050156,"TODOS PELO MARANHÃO 4","PTB / PROS / PPS / PPL","MA"
100000050484,"VAMOS SEM MEDO DE MUDAR O MARANHÃO","PSOL / PCB","MA"
100000050379,"PARA FAZER UM MARANHÃO MELHOR","REDE / PODE / DC","MA"
100000050233,"MARANHÃO QUER MAIS 1","MDB / PV / PSD / PSC / PMB / PRP","MA"
100000050069,"PARTIDO ISOLADO","PSTU","MA"
100000050110,"TODOS PELO MARANHÃO","PC do B / PRB / PDT / PPS / DEM / PSB / PR / PP / PROS / PT / PTB / PATRIOTA / PTC / SOLIDARIEDADE / PPL / AVANTE","MA"
100000050373,"RENOVAÇÃO DE VERDADE","PSL / PRTB","MA"
100000050234,"MARANHÃO QUER MAIS 2","MDB / PV / PSD / PSC / PMB / PRP","MA"
100000050678,"PARTIDO ISOLADO","PRTB","MA"
100000050211,"MARANHÃO QUER MAIS","MDB / PV / PSD / PSC / PMB / PRP","MA"
100000050705,"PARTIDO ISOLADO","PSL","MA"
100000050343,"PARTIDO ISOLADO","PSDB","MA"
100000050395,"JUNTOS PELO MARANHÃO","PMN / PHS","MA"
100000050041,"TODOS PELO MARANHÃO 05","SOLIDARIEDADE / PATRIOTA","MA"
100000050055,"TODOS PELO MARANHÃO 1","PC do B / PRB / PPS / SOLIDARIEDADE / PROS / PTC / PTB / PSB / DEM / AVANTE / PPL","MA"
100000050372,"JUNTOS PELO MARANHÃO 1","PSL / PRTB","MA"
100000050339,"CORAGEM E UNIÃO PARA FAZER O MARANHÃO MELHOR","PODE / REDE / DC / PHS / PMN / PSDB","MA"
100000050625,"PARTIDO ISOLADO","PCO","MA"
130000050180,"PARTIDO ISOLADO","AVANTE","MG"
130000050181,"FRENTE MINAS SOCIALISTA","PSOL / PCB","MG"
130000050443,"PARTIDO ISOLADO","PSL","MG"
130000050353,"JUNTOS PARA RECONSTRUIR MINAS","PSDB / PPS / DEM / PP / PSD","MG"
130000050726,"COMPROMISSO POR MINAS","PHS / PRP","MG"
130000050734,"UNIDOS COM O POVO","PT / PR / PSB","MG"
130000050468,"MINAS À FRENTE","PRTB / REDE","MG"
130000050541,"#JUNTOS POR MINAS","PDT / PRB / PV / MDB / PODE","MG"
130000050091,"PARA RENOVAR MINAS","PTB / PMN","MG"
130000050269,"RENOVAÇÃO","PATRIOTA / PTC / PMB","MG"
130000050471,"PARTIDO ISOLADO","PC do B","MG"
130000050539,"#MINAS PARA TODOS","PDT / PV / PRB / MDB","MG"
130000050538,"PARTIDO ISOLADO","PROS","MG"
130000050297,"UNIDOS POR MINAS","PSC / PTB / PMN","MG"
130000050730,"COLIGAÇÃO PRP/PPL","PRP / PPL","MG"
130000050025,"PARTIDO ISOLADO","NOVO","MG"
130000050417,"PARTIDO ISOLADO","DC","MG"
130000050732,"JUNTOS COM O POVO","PT / PR / PSB / DC / PC do B","MG"
130000050728,"PARTIDO ISOLADO","PHS","MG"
130000050328,"PARTIDO ISOLADO","PSC","MG"
130000050355,"RECONSTRUÇÃO JÁ","PSDB / PSD / SOLIDARIEDADE / PPS / DEM / PP","MG"
130000050766,"PARTIDO ISOLADO","PPL","MG"
130000050129,"RECONSTRUIR MINAS","PSDB / PSD / SOLIDARIEDADE / PTB / PPS / PMN / PSC / DEM / PP / PTC / PATRIOTA / PMB","MG"
130000050760,"PARTIDO ISOLADO","PPL","MG"
130000050459,"PARTIDO ISOLADO","PCO","MG"
130000050169,"PARTIDO ISOLADO","SOLIDARIEDADE","MG"
130000050585,"PARTIDO ISOLADO","PSTU","MG"
130000050664,"PARTIDO ISOLADO","REDE","MG"
130000050653,"PARTIDO ISOLADO","PODE","MG"
130000050682,"#MinasTemJeito","PDT / PODE / MDB / PROS / PRB / PV","MG"
130000050731,"DO LADO DO POVO","PT / PC do B / PSB / DC / PR","MG"
130000050333,"PARTIDO ISOLADO","PHS","MG"
120000050666,"AMOR, TRABALHO E FÉ II","PSC / PR / DC / PRTB / PHS / PTC","MS"
120000050412,"AVANÇAR COM RESPONSABILIDADE V","PPS / PROS / SOLIDARIEDADE / PSB / PTB / AVANTE / PSL / PMN","MS"
120000050106,"Esperança e Mudança 2","PDT / PRB","MS"
120000050524,"PARTIDO ISOLADO","PT","MS"
120000050158,"O Nosso Movimento é por Mudança","REDE / PC do B / PV","MS"
120000050406,"AVANÇAR COM RESPONSABILIDADE II","SOLIDARIEDADE / PPS / PSL / PSB / PP / PTB / PMB","MS"
120000050345,"PARTIDO ISOLADO","PSOL","MS"
120000050696,"PARTIDO ISOLADO","MDB","MS"
120000050477,"AVANÇAR COM RESPONSABILIDADE III","PSD / PATRIOTA / PMN / AVANTE","MS"
120000050533,"AVANÇAR COM RESPONSABILIDADE I","PSDB / PROS / DEM","MS"
120000050756,"PARTIDO ISOLADO","PPL","MS"
120000050551,"PARTIDO ISOLADO","PODE","MS"
120000050357,"AVANÇAR COM RESPONSABILIDADE IV","PSDB / PATRIOTA / PSD / PMB / DEM / PP","MS"
120000050061,"ESPERANÇA E MUDANÇA 1","PDT / PRB / PODE","MS"
120000050697,"AMOR, TRABALHO E FÉ III","MDB / PRP","MS"
120000050105,"Esperança e mudança","PDT / PRB / PODE","MS"
120000050667,"AMOR, TRABALHO E FÉ I","PTC / PHS / PR / DC / PRTB / PSC","MS"
120000050665,"AMOR, TRABALHO E FÉ IV","MDB / PR / DC / PRTB / PHS / PRP","MS"
120000050184,"AVANÇAR COM RESPONSABILIDADE","PMN / DEM / PP / PSB / PTB / PSDB / PATRIOTA / PSD / PPS / AVANTE / SOLIDARIEDADE / PROS","MS"
120000050695,"AMOR, TRABALHO E FÉ","MDB / PR / DC / PRTB / PHS / PRP","MS"
120000050633,"PARTIDO ISOLADO","PSL","MS"
120000050010,"PARTIDO ISOLADO","NOVO","MS"
120000050502,"PARTIDO ISOLADO","PCO","MS"
120000050668,"PARTIDO ISOLADO","PTC","MS"
120000050744,"PARTIDO ISOLADO","PSC","MS"
120000050098,"PARTIDO ISOLADO","PMB","MS"
110000050564,"Fé e Trabalho","DC / PRTB / AVANTE / SOLIDARIEDADE / PRP / PATRIOTA","MT"
110000050341,"Segue em frente Mato Grosso III","PSB / PPS","MT"
110000050624,"PRA MUDAR MATO GROSSO IV","DEM / PDT / PSC / MDB / PHS / PMB / PSD","MT"
110000050248,"PARTIDO ISOLADO","PSL","MT"
110000050389,"A FORÇA DA UNIAO III","PV / PTB","MT"
110000050860,"PARTIDO ISOLADO","AVANTE","MT"
110000050597,"PRA MUDAR MATO GROSSO II","DEM / PDT / PSD / MDB / PMB","MT"
110000050652,"MATO GROSSO ÉTICO E SUSTENTAVEL ","PV / PC do B","MT"
110000050370,"A FORÇA DA UNIAO II","PP / PODE / PMN / PROS","MT"
110000050557,"SEGUE EM FRENTE MATO GROSSO II","PSDB / PPS / PSB / SOLIDARIEDADE","MT"
110000050550,"A FORÇA DA UNIÃO I","PR / PRB / PT / PC do B","MT"
280000145226,"PARTIDO ISOLADO","PODE","MT"
110000050344,"PRA MUDAR MATO GROSSO","DEM / PSD / PDT / PSC / MDB / PMB / PHS / PTC","MT"
110000050601,"PARTIDO ISOLADO","PSDB","MT"
110000050583,"Redefinindo Mato Grosso","REDE / PPL","MT"
110000050312,"A Força da União IV","PRB / PP / PTB / PT / PMN / PODE / PROS / PR","MT"
110000050613,"PRA MUDAR MATO GROSSO III","PSC / PHS / PTC","MT"
110000050565,"Fé e Trabalho II","PSL / PATRIOTA / PRP","MT"
110000050201,"PARTIDO ISOLADO","PSOL","MT"
280000067881,"MATO GROSSO POR INTEIRO","PTC / PSDB / DEM / PL","MT"
280000089605,"TODOS SOMOS MATO GROSSO","CIDADANIA / SOLIDARIEDADE","MT"
280000106613,"MUDA MATO GROSSO","PSC / PRTB","MT"
280000123679,"FAZER MAIS POR MATO GROSSO","PSD / MDB / PTB / PP / PV","MT"
110000050026,"PARTIDO ISOLADO","NOVO","MT"
110000050354,"COLIGAÇÃO SEGUE EM FRENTE MATO GROSSO","PSL / PPS / PSB / DC / PRP / PSDB / PATRIOTA / AVANTE / SOLIDARIEDADE","MT"
110000050498,"FÉ E TRABALHO III","PRTB / DC","MT"
280000067928,"MEU PARTIDO É O BRASIL. NOSSA MISSÃO É MATO GROSSO","PATRIOTA / REPUBLICANOS","MT"
110000050263,"A Força da União","PR / PV / PRB / PT / PTB / PODE / PMN / PC do B / PROS / PP","MT"
280000089538,"AVANÇA MATO GROSSO","PDT / PROS / REDE / AVANTE / PSB","MT"
280000057125,"PARTIDO ISOLADO","NOVO","MT"
110000050506,"PARTIDO ISOLADO","PCO","MT"
280000132011,"DEFESA DA VIDA, EDUCAÇÃO, TERRA, TRABALHO E CIDADANIA","PC do B / PT","MT"
110000050495,"PARTIDO ISOLADO","PTC","MT"
280000073230,"Coligação Agora é a Vez do Povo","PSL / DC","MT"
280000069612,"PARTIDO ISOLADO","PSOL","MT"
140000050259,"PATRIOTA CRISTÃO","PTC / PATRIOTA","PA"
140000050545,"PARTIDO ISOLADO","PSB","PA"
140000050243,"FRENTE HUMANISTA PROGRESSISTA","PP / PHS","PA"
140000050346,"RENOVA PARÁ","PODE / PTB / PSL / PROS / AVANTE","PA"
140000050125,"JUNTOS PARA MUDAR","PSOL / PPL / PCB","PA"
140000050740,"PRA VIVER EM PAZ","PT / PC do B","PA"
140000050359,"PARTIDO ISOLADO","SOLIDARIEDADE","PA"
140000050738,"PARTIDO ISOLADO","PC do B","PA"
140000050725,"PV,REDE","PV / REDE","PA"
140000050100,"POR UM PARÁ MELHOR","PRB / PMB","PA"
140000050700,"Amor Pelo Pará","PRP / PRTB / REDE / PV","PA"
140000050378,"LUTANDO PELO PARÁ","PSDB / DEM / PDT / PRP","PA"
140000050674,"PARÁ FICHA LIMPA","PPS / PMN / PRTB","PA"
140000050466,"PARTIDO ISOLADO","PT","PA"
140000050556,"O PARÁ DAQUI PRA FRENTE","MDB / PP / PRB / PR / PSC / PTB / PHS / PMB / PODE / PTC / DC / PATRIOTA / PSD / AVANTE / PSL / PROS","PA"
140000050171,"ESPERANÇA RENOVADA","MDB / DC / PSD","PA"
140000050121,"PARTIDO ISOLADO","PR","PA"
140000050367,"TODOS PELO PARÁ","PSDB / DEM / PSB / PDT / SOLIDARIEDADE / PPS / PMN","PA"
140000050840,"PARTIDO ISOLADO","PR","PA"
140000050123,"PARTIDO ISOLADO","PSC","PA"
140000050177,"RENOVAÇÃO E TRABALHO","MDB / PSD / PR / PP / PTB / PSC / PSL / PRB / PMB / PHS / PODE","PA"
140000050270,"Pará Renova","AVANTE / PROS / PATRIOTA / PTC / DC","PA"
140000050536,"PARTIDO ISOLADO","PRP","PA"
140000050118,"PARTIDO ISOLADO","PSTU","PA"
140000050748,"PARTIDO ISOLADO","PV","PA"
140000050449,"EM DEFESA DO PARÁ","DEM / PSDB / PDT / PSB / SOLIDARIEDADE / PRP / PMN / PRTB / PPS","PA"
140000050280,"PARTIDO ISOLADO","PSDB","PA"
140000050542,"PARTIDO ISOLADO","PDT","PA"
140000050617,"PARTIDO ISOLADO","PP","PA"
140000050153,"PARTIDO ISOLADO","SOLIDARIEDADE","PA"
150000050472,"PARTIDO ISOLADO","PATRIOTA","PB"
150000050071,"FORÇA DA ESPERANÇA V","PP / PTC / PHS / PPL","PB"
150000050422,"FORÇA DA ESPERANÇA IV","DC / PSL / PRTB / SOLIDARIEDADE","PB"
150000050095,"FORÇA DO TRABALHO V","REDE / PPS / PMN / DEM","PB"
150000050226,"A FORÇA DO TRABALHO I ","PSB / PTB / PRB / PT / DEM / PDT / PC do B / PODE","PB"
150000050127,"A FORÇA DO TRABALHO II","AVANTE / PROS / PPS / PMN / REDE","PB"
150000050670,"PORQUE O POVO QUER II","MDB / PR","PB"
150000050124,"A FORÇA DO TRABALHO IV","AVANTE / PT / PROS","PB"
150000050424,"FORÇA DA ESPERANÇA II","PV / PSD / PP / PTC / PHS / PSC / PSDB","PB"
150000050465,"A FORÇA DO TRABALHO III","PSB / PTB / PRB / PODE / PDT / PC do B / PRP","PB"
150000050332,"FORÇA DA ESPERANÇA I","PV / PSDB / PSD / PSC / SOLIDARIEDADE","PB"
150000050301,"PORQUE O POVO QUER ","MDB / PATRIOTA / PR","PB"
150000050421,"FORÇA DA ESPERANÇA III","PSL / DC / PRTB","PB"
150000050008,"PARTIDO ISOLADO","PSOL","PB"
150000050671,"PORQUE O POVO QUER I","MDB / PR / PATRIOTA","PB"
150000050531,"PARTIDO ISOLADO","PRP","PB"
150000050096,"A FORÇA DO TRABALHO","PSB / PDT / PT / DEM / PTB / PRP / PODE / PRB / PC do B / AVANTE / PPS / REDE / PMN / PROS","PB"
150000050396,"PARTIDO ISOLADO","PSTU","PB"
150000050416,"Força da Esperança","PV / PSDB / PP / PSD / PSC / SOLIDARIEDADE / DC / PRTB / PHS / PTC / PSL / PPL","PB"
150000050012,"PARTIDO ISOLADO","NOVO","PB"
170000050558,"PARTIDO ISOLADO","PC do B","PE"
170000050462,"PARTIDO ISOLADO","PATRIOTA","PE"
170000050457,"AVANÇA PERNAMBUCO","PSL / PRTB / PHS / PV","PE"
170000050194,"A Esperança Não Tem Medo","PSOL / PCB","PE"
170000050562,"PARTIDO ISOLADO","PT","PE"
170000050455,"PERNAMBUCO VAI MUDAR COM SEUS DEPUTADOS ESTADUAIS","PTB / DEM / PSDB / PRB / PODE","PE"
170000050375,"PERNAMBUCO EM 1. LUGAR","PP / PR / SOLIDARIEDADE / PMN","PE"
170000050427,"PARTIDO ISOLADO","PPS","PE"
170000050723,"PERNAMBUCO POR UMA PÁTRIA LIVRE","PPL / PTC / PRP","PE"
170000050274,"FRENTE POPULAR DE PERNAMBUCO PARA DEPUTADO ESTADUAL","PSB / MDB / PSD","PE"
170000050271,"FRENTE POPULAR DE PERNAMBUCO PARA DEPUTADO FEDERAL","PSB / PC do B / MDB / PSD","PE"
170000050089,"JUNTOS POR UM PERNAMBUCO MELHOR PARA DEPUTADO ESTADUAL","PSC / PMB / DC","PE"
170000050453,"PERNAMBUCO VAI MUDAR COM SEUS DEPUTADOS FEDERAIS","PTB / DEM / PSDB / PSC / PRB / PODE / PPS","PE"
170000050461,"O PERNAMBUCO QUE VOCÊ QUER","PROS / AVANTE / PDT","PE"
170000050130,"FRENTE POPULAR DE PERNAMBUCO","PSB / PC do B / PT / MDB / PP / PR / PMN / PTC / PRP / PATRIOTA / PSD / PPL / SOLIDARIEDADE","PE"
170000050757,"PARTIDO ISOLADO","REDE","PE"
170000050451,"PARTIDO ISOLADO","DC","PE"
170000050022,"PARTIDO ISOLADO","NOVO","PE"
170000050637,"PARTIDO ISOLADO","PCO","PE"
170000050186,"PARTIDO ISOLADO","PSTU","PE"
170000050149,"PERNAMBUCO VAI MUDAR","PTB / PPS / PSDB / DEM / PSC / PRB / PV / PODE / PRTB / PSL / PHS / DC / PMB","PE"
180000050729,"PARTIDO ISOLADO","REDE","PI"
180000050521,"RESISTÊNCIA PELO PIAUÍ III","PODE / PV / PRP / PATRIOTA / PPS / AVANTE / REDE / PHS","PI"
180000050225,"MUDAR PARA CUIDAR DA NOSSA GENTE","PMN / PRB / SOLIDARIEDADE / PPL / PTC","PI"
180000050029,"PARTIDO ISOLADO","DC","PI"
180000050374,"A Vitória Com a Força do Povo ","PT / MDB / PP / PR / PDT / PSD / PC do B / PTB / PRTB","PI"
180000050410,"PARTIDO ISOLADO","PRTB","PI"
180000050616,"RESISTÊNCIA PELO PIAUÍ I","PODE / PATRIOTA / AVANTE / PRP / PHS","PI"
180000050785,"PIAUI DE VERDADE II","PSDB / PSB / DEM","PI"
180000050371,"A Vitória com a Força do Povo II","MDB / PP / PTB / PC do B / PR / PDT / PSD / PT","PI"
180000050784,"PIAUÍ DE VERDADE III","PSDB / DEM / PSB","PI"
180000050704,"PIAUI ACIMA DE TUDO","PROS / PSL","PI"
180000050596,"PARTIDO ISOLADO","PSC","PI"
180000050722,"PARTIDO ISOLADO","PCO","PI"
180000050336,"RESISTÊNCIA PELO PIAUÍ 2","PV / PPS / REDE","PI"
180000050113,"Piauí de Verdade","PSDB / PSB / DEM","PI"
180000050188," PODER POPULAR NA CONSTRUÇÃO DO PIAUÍ ","PSOL / PCB","PI"
180000050365,"PARTIDO ISOLADO","PSTU","PI"
180000050413,"RESISTÊNCIA PELO PIAUÍ","PODE / AVANTE / PATRIOTA / REDE / PPS / PV / PRP / PHS","PI"
180000050715,"PARTIDO ISOLADO","AVANTE","PI"
180000050398,"PARTIDO ISOLADO","PRP","PI"
160000050512,"INOVA PARANÁ","PSC / PSD","PR"
160000050509,"MUDA PARANÁ","PSD / PSC / PR / PPS / PODE","PR"
160000050347,"PARTIDO ISOLADO","PV","PR"
160000050563,"UNIDOS PELO PARANÁ","PRTB / PRP","PR"
160000050618,"PARANA FORTE","PP / PTB / DEM / PMN / PMB / PSB / PSDB / PROS","PR"
160000050714,"ENDIREITA BRASIL","PSL / PTC / PATRIOTA","PR"
160000050609,"PARANA DECIDE","PP / PTB / DEM / PMN / PMB / PSB / PSDB / PROS","PR"
160000050593,"FIRME E FORTE, UNIDOS PELO PARANA","PROS / PMB / PMN","PR"
160000050712,"PATRIA BRASIL","PSL / PTC / PATRIOTA","PR"
160000050645,"PARTIDO ISOLADO","PPS","PR"
160000050264,"Coligação do bem e da verdade para mudar o Paraná","REDE / DC / PPL","PR"
160000050623,"PARANA FIRME","PP / PTB / DEM / PSDB / PSB","PR"
160000050614,"PARTIDO ISOLADO","PT","PR"
160000050570,"Coligação PARANÁ, EDUCAÇÃO E EMPREGO","MDB / PDT / SOLIDARIEDADE / PC do B","PR"
160000050709,"ENDIREITA PARANÁ","PSL / PTC / PATRIOTA","PR"
160000050337,"PARTIDO ISOLADO","MDB","PR"
160000050584,"PARTIDO ISOLADO","PODE","PR"
160000050699,"PSOL-PCB","PSOL / PCB","PR"
160000050049,"PARTIDO ISOLADO","NOVO","PR"
160000050510,"PARANA: SUSTENTAVEL, JUSTO E SOBERANO","PDT / SOLIDARIEDADE / PC do B","PR"
160000050508,"PRB, PHS, PR, AVANTE","PRB / PHS / PR / AVANTE","PR"
160000050456,"PARTIDO ISOLADO","PCO","PR"
160000050578,"PARTIDO ISOLADO","PSTU","PR"
160000050580,"PARANÁ: EMPREGO, EDUCAÇÃO E COMBATE A CORRUPÇÃO","MDB / PDT / SOLIDARIEDADE / PC do B","PR"
160000050507,"PRB, PHS, AVANTE","PRB / PHS / AVANTE","PR"
160000050237,"PARANA INOVADOR","PSD / PSC / PV / PR / PRB / PHS / PPS / PODE / AVANTE","PR"
160000050800,"PATRIA BRASIL","#NULO#","PR"
190000050419,"PARTIDO ISOLADO","PCO","RJ"
190000050287,"PARTIDO ISOLADO","PC do B","RJ"
190000050661,"PARTIDO ISOLADO","PRP","RJ"
190000050362,"FRENTE POPULAR","PT / PC do B","RJ"
190000050716,"PARTIDO ISOLADO","PRTB","RJ"
190000050414,"RENOVAR PARA MUDAR","PDT / PSB","RJ"
190000050043,"PARTIDO ISOLADO","PP","RJ"
190000050476,"PARTIDO ISOLADO","MDB","RJ"
190000050308,"PARTIDO ISOLADO","PROS","RJ"
190000050611,"PARTIDO ISOLADO","PSB","RJ"
190000050173,"PARTIDO ISOLADO","PHS","RJ"
190000050610,"PARTIDO ISOLADO","PATRIOTA","RJ"
190000050590,"PARTIDO ISOLADO","PDT","RJ"
190000050058,"MUDAR É POSSÍVEL","PSOL / PCB","RJ"
190000050092,"TRABALHAR PARA MUDAR","SOLIDARIEDADE / PTB","RJ"
190000050208,"PARTIDO ISOLADO","PSD","RJ"
190000050352,"PARTIDO ISOLADO","AVANTE","RJ"
190000050231,"PARTIDO ISOLADO","DEM","RJ"
190000050195,"O RIO QUER PAZ","DEM / MDB / PP / PTB","RJ"
190000050607,"PARTIDO ISOLADO","PPL","RJ"
190000050120,"JUNTOS PELO RIO","PODE / PR","RJ"
190000050393,"POR UM RIO MAIS HONESTO","PTC / PMB","RJ"
190000050675,"Rio Sustentável","PV / DC","RJ"
190000050392,"PARTIDO ISOLADO","PMB","RJ"
190000050390,"PARTIDO ISOLADO","PSL","RJ"
190000050224,"O RIO SEM CRISE","PPS / PSDB","RJ"
190000050720,"PARTIDO ISOLADO","PRB","RJ"
190000050205,"POR UM RIO FELIZ","PSC / PROS","RJ"
190000050300,"PARTIDO ISOLADO","PT","RJ"
190000050104,"PARTIDO ISOLADO","PR","RJ"
190000050062,"PARTIDO ISOLADO","NOVO","RJ"
190000050469,"PARTIDO ISOLADO","PTC","RJ"
190000050430,"PARTIDO ISOLADO","PMN","RJ"
190000050094,"O RIO TEM JEITO","SOLIDARIEDADE / PSDB / PPS","RJ"
190000050503,"PARTIDO ISOLADO","PSC","RJ"
190000050547,"O POVO NO PODER","PODE / PPL","RJ"
190000050621,"PARTIDO ISOLADO","REDE","RJ"
190000050290,"A FORÇA QUE VEM DO POVO","PODE / PR / REDE / PPL","RJ"
190000050433,"PMN / AVANTE","PMN / AVANTE","RJ"
190000050207,"PARTIDO ISOLADO","PSTU","RJ"
190000050329,"MAIS ORDEM, MAIS PROGRESSO","PSC / PROS","RJ"
190000050571,"Para o Povo Voltar a Ser Feliz","PRP / PRB / PTC / PATRIOTA","RJ"
190000050262,"FORÇA DO RIO","DEM / PP / MDB / PTB / SOLIDARIEDADE / PSDB / PPS / PV / DC / PHS / AVANTE / PMN","RJ"
200000050182,"DO LADO CERTO","PT / PC do B / PHS","RN"
200000050765,"PARTIDO ISOLADO","PRP","RN"
200000050107,"TRABALHO E SUPERAÇÃO III","PRB / AVANTE","RN"
200000050440,"PARTIDO ISOLADO","REDE","RN"
200000050019,"RENOVA RN II","PV / SOLIDARIEDADE","RN"
200000050285,"100% RN","PDT / PP / MDB / PODE / DEM","RN"
200000050360,"100% RN II","PDT / PP / MDB / PODE / DEM","RN"
200000050044,"PARTIDO ISOLADO","PSOL","RN"
200000050615,"PARTIDO ISOLADO","PRTB","RN"
200000050045,"RENOVA RN IV","PATRIOTA / PPL","RN"
200000050024,"RENOVA RN I","SOLIDARIEDADE / PSL / DC / PV / PSC","RN"
200000050084,"RENOVA RN III","PATRIOTA / PSL / PSC / DC / PPL","RN"
200000050097,"AVANÇA RN 1","PTB / PPS / PMB / PTC / PRP","RN"
200000050349,"TRABALHO E SUPERAÇÃO II","PR / PSB / PSDB / PSD / PROS","RN"
200000050017,"PARTIDO ISOLADO","NOVO","RN"
200000050348,"100% RN I","PDT / PP / MDB / PODE / DEM","RN"
200000050306,"TRABALHO E SUPERAÇÃO","PRB / PTB / PR / PPS / PMB / PTC / PSB / PRP / PSDB / PSD / AVANTE / PROS","RN"
200000050307,"TRABALHO E SUPERAÇÃO I","PRB / PTB / PR / PPS / PMB / PTC / PSB / PSDB / PSD / AVANTE / PROS","RN"
200000050076,"RENOVA RN","SOLIDARIEDADE / PV / DC / PSC / PSL / PATRIOTA","RN"
200000050313,"PARTIDO ISOLADO","PSTU","RN"
200000050641,"PARTIDO ISOLADO","PCO","RN"
200000050742,"PARTIDO ISOLADO","PMN","RN"
220000050191,"FRENTE RONDÔNIA POPULAR","PMN / PSC / PHS / PC do B / PROS","RO"
220000050296,"JUNTOS POR UM NOVO TEMPO PARA RONDONIA II","PDT / PSB / PTB / SOLIDARIEDADE / PP / PR / DC / PTC","RO"
220000050320,"JUNTOS POR UM NOVO TEMPO","PP / PTB / PR / SOLIDARIEDADE","RO"
220000050483,"RONDONIA, UNIDOS SOMOS FORTES 2","MDB / PV","RO"
220000050591,"SEM MEDO DE SER FELIZ","PT / PSOL","RO"
220000050253,"RONDÔNIA QUER MAIS","PSDB / DEM / PSD","RO"
220000050479,"RONDONIA, UNIDOS SOMOS FORTES ","MDB / PODE / PMN / PSC / PC do B / PHS / PROS / PV","RO"
220000050662,"RONDÔNIA ACIMA DE TUDO","PRB / PATRIOTA","RO"
220000050482,"RONDONIA, UNIDOS SOMOS FORTES 1","MDB / PODE / PV","RO"
220000050575,"PARTIDO ISOLADO","PSTU","RO"
220000050546,"PARTIDO ISOLADO","PMB","RO"
220000050415,"PARTIDO ISOLADO","PSB","RO"
220000050260,"RONDÔNIA, ESPERANÇA DE UM NOVO TEMPO","PSDB / DEM / PSD / PRB / PATRIOTA","RO"
220000050190,"POR AMOR A RONDONIA ","PMN / PSC / PC do B","RO"
220000050702,"PARTIDO ISOLADO","PSL","RO"
220000050192,"RONDÔNIA NO CAMINHO DO PROGRESSO","PHS / PROS","RO"
220000050587,"POR RONDÔNIA","PTC / DC","RO"
220000050693,"PARTIDO ISOLADO","PODE","RO"
220000050762,"POR UMA RONDÔNIA QUE QUEREMOS I","PPS / PRP / REDE","RO"
220000050014,"PARTIDO ISOLADO","NOVO","RO"
220000050733,"PARTIDO ISOLADO","PRTB","RO"
220000050763,"POR UMA RONDÔNIA QUE QUEREMOS","REDE / PPS / PRP","RO"
220000050526,"JUNTOS POR UM NOVO TEMPO PARA RONDONIA III","PDT","RO"
220000050764,"POR UMA RONDÔNIA QUE QUEREMOS II","REDE / PPS / PRP","RO"
220000050134,"JUNTOS POR UM NOVO TEMPO PARA RONDONIA","PDT / PSB / PTB / DC / PP / PR / SOLIDARIEDADE / PTC","RO"
230000050050,"TODOS POR RORAIMA ","PSDB / DEM / MDB / PSD / PPS / SOLIDARIEDADE / DC","RR"
230000050060,"PARTIDO ISOLADO","PTC","RR"
230000050090,"PRA FRENTE RORAIMA","PRB / PSC","RR"
230000050066,"UNIDOS POR RORAIMA ","MDB / PSD / SOLIDARIEDADE / DC","RR"
230000050425,"COMPROMISSO COM RORAIMA","PTB / REDE / PV / PT","RR"
230000050429,"SOMOS TODOS RORAIMA","PTB / REDE / PT","RR"
230000050219," RENOVAÇÃO DEMOCRÁTICA I ","PR / PRTB","RR"
230000050068,"RORAIMA NÃO PODE PARAR","SOLIDARIEDADE / DC","RR"
230000050154,"TODOS POR RORAIMA 2","PPS / DEM / PSDB","RR"
230000050595,"PARTIDO ISOLADO","PMB","RR"
230000050174,"RORAIMA ACIMA DE TUDO","PSL / PRB / PTC / PSC","RR"
230000050381,"NA LUTA POR RORAIMA I","PP / PDT / PC do B","RR"
230000050242,"PARTIDO ISOLADO","PV","RR"
230000050707,"JUNTOS NÓS PODEMOS","PODE / PHS","RR"
230000050151,"LIBERTA RORAIMA","PATRIOTA / PPL / PROS","RR"
230000050380,"NA LUTA POR RORAIMA","PP / PDT / PODE / PRTB / PR / PHS / PC do B","RR"
230000050064,"UNIDOS PARA VENCER ","AVANTE / PSB","RR"
230000050217,"RENOVAÇÃO DEMOCRÁTICA II","PRTB / PR","RR"
230000050376,"Frente de Esquerda Socialista","PCB / PSOL / PSTU","RR"
230000050059,"PARTIDO ISOLADO","MDB","RR"
230000050316,"TODOS POR RORAIMA JÁ","PSL / PRP","RR"
230000050244,"AGORA É RORAIMA COM TUDO","PSL / PRB / PTC / PRP / PROS / PSC / PPL / PATRIOTA","RR"
230000050426,"DÊ UMA CHANCE PARA RORAIMA","PTB / PV / REDE / PT","RR"
230000050037,"PARTIDO ISOLADO","PSD","RR"
230000050161,"CONSTRUIR UM NOVO BRASIL","PATRIOTA / PPL / PROS","RR"
230000050132,"TODOS POR RORAIMA 1","PPS / DEM / PSDB / PMB","RR"
230000050093,"JUNTOS POR RORAIMA ","AVANTE / PRP / PSB","RR"
230000050767,"JUNTOS SOMOS FORTES","PHS / PODE","RR"
230000050438,"NA LUTA POR RORAIMA II","PDT / PP / PC do B","RR"
230000050047,"PARTIDO ISOLADO","PATRIOTA","RR"
210000050000,"Independência e Luta para Mudar o Rio Grande","PSOL / PCB","RS"
210000050033,"Unidos pelo Rio Grande","PSB / PR / PATRIOTA","RS"
210000050077,"PARTIDO ISOLADO","NOVO","RS"
210000050634,"PARTIDO ISOLADO","PCO","RS"
210000050140,"COLIGAÇÃO RIO GRANDE UNIDO E FORTE","PSDB / PTB / PRB / REDE / PP","RS"
210000050460,"AGORA É A HORA","PSC / PMN / PTC / PRP","RS"
210000050135,"FRENTE TRABALHISTA SUSTENTAVEL","PDT / PMB / PV","RS"
210000050099,"RIO GRANDE ACIMA DE TUDO","DEM / PSL","RS"
210000050082,"PARTIDO ISOLADO","PRB","RS"
210000050167,"JUNTOS PELO RIO GRANDE","PSDB / PPS / PHS / REDE","RS"
210000050101,"ENDIREITA RIO GRANDE","DEM / PROS / PSL","RS"
210000050193,"TRABALHO E PROGRESSO","PP / PTB","RS"
210000050450,"PARTIDO ISOLADO","PROS","RS"
210000050108,"JUNTOS O RIO GRANDE TEM SOLUÇÃO","SOLIDARIEDADE / AVANTE / PPL / PODE","RS"
210000050305,"PARTIDO ISOLADO","PT","RS"
210000050423,"RENOVA RIO GRANDE","PV / PPL / AVANTE / PODE","RS"
210000050137,"FRENTE TRABALHISTA","PDT / PMB","RS"
210000050162,"PARTIDO ISOLADO","DC","RS"
210000050136,"FRENTE O RIO GRANDE TEM SOLUÇÃO","PDT / AVANTE / PV / PODE / PPL / PMB / SOLIDARIEDADE","RS"
210000050441,"RIO GRANDE VENCEDOR","PSD / PSC / PMN / PRP / PTC","RS"
210000050170,"PARTIDO ISOLADO","SOLIDARIEDADE","RS"
210000050324,"O RIO GRANDE NO CAMINHO CERTO","PSD / PATRIOTA / PR","RS"
210000050594,"RIO GRANDE DA GENTE","PSDB / PTB / PRB / PPS / PHS / REDE / PP","RS"
210000050266,"PARTIDO ISOLADO","PSTU","RS"
210000050155,"PARTIDO ISOLADO","MDB","RS"
210000050292,"O RIO GRANDE QUE QUEREMOS","PPS / PHS","RS"
210000050247,"PARTIDO ISOLADO","PC do B","RS"
210000050034,"PARTIDO ISOLADO","PSB","RS"
210000050179,"POR UM RIO GRANDE JUSTO","PT / PC do B","RS"
210000050185,"RIO GRANDE NO RUMO CERTO","MDB / PSD / PSB / PR / PSC / PATRIOTA / PRP / PMN / PTC","RS"
210000050102,"BRASIL ACIMA DE TUDO","DEM / PSL / PROS","RS"
240000050654,"TRABALHO E UNIÃO","PODE / PRP / PPL / PHS / PROS","SC"
240000050265,"PARTIDO ISOLADO","PSTU","SC"
240000050743,"PSD/PP/PSC","PSD / PP / PSC","SC"
240000050745,"AQUI TEM TRABALHO","DEM / PROS / PPL / PRP / PV","SC"
240000050254,"PARTIDO ISOLADO","PSL","SC"
240000050257,"SANTA CATARINA PODE MAIS","PTB / PTC / PRTB / DC / AVANTE / PR / PPS","SC"
240000050741,"PSD/PP/PV","PSD / PP / PV","SC"
240000050603,"PDT, PODEMOS, PHS, PCdoB","PC do B / PDT / PHS / PODE","SC"
240000050252,"SANTA CATARINA MAIS FORTE","PSDB / PPS / PTB / DC","SC"
240000050054,"UM CAMINHO PRA GENTE ","PSOL / PCB","SC"
240000050251,"MAIS POR SANTA CATARINA","MDB / PSDB","SC"
240000050650,"PARTIDO ISOLADO","PT","SC"
240000050256,"PARTIDO ISOLADO","PTC","SC"
240000050500,"UNIÃO E TRABALHO","PRB / PDT / PSC / DEM / PSB / PC do B / SOLIDARIEDADE","SC"
240000050435,"PARTIDO ISOLADO","REDE","SC"
240000050494,"PSB - PRB - SOLIDARIEDADE","PSB / PRB / SOLIDARIEDADE","SC"
240000050377,"SANTA CATARINA EM PRIMEIRO LUGAR","PMN / PATRIOTA","SC"
240000050250,"MUITO MAIS SANTA CATARINA","MDB / PR","SC"
240000050249,"SANTA CATARINA QUER MAIS","MDB / AVANTE / PSDB / PTB / PTC / PRTB / DC / PR / PPS","SC"
240000050553,"AQUI É TRABALHO","PSD / PRB / PDT / PSB / PODE / SOLIDARIEDADE / PROS / PSC / PC do B / PHS / PP / DEM / PRP / PPL / PV","SC"
240000050258,"PARA CRESCER COM SANTA CATARINA","AVANTE / PRTB","SC"
240000050013,"PARTIDO ISOLADO","NOVO","SC"
240000050454,"PARTIDO ISOLADO","PCO","SC"
260000050630,"PRA SERGIPE AVANÇAR","PP / MDB / DC / PC do B / PSD / PT / PHS","SE"
260000050658,"PARTIDO ISOLADO","PSL","SE"
260000050540,"POR UM NOVO SERGIPE","PTB / PRP","SE"
260000050566,"COMPROMISSO COM SERGIPE","PSB / PDT / PROS / PPL","SE"
260000050053,"PARTIDO ISOLADO","REDE","SE"
260000050582,"CORAGEM PARA MUDAR SERGIPE","PRB / PPS / PSC / PR / PTC / PSDB / SOLIDARIEDADE","SE"
260000050432,"PARA RENOVAR SERGIPE","PODE / AVANTE / PMN / PATRIOTA","SE"
260000050397,"SERGIPE MAIS FORTE","PSDB / PRB / PSC / PR","SE"
260000050288,"PARTIDO ISOLADO","PSTU","SE"
260000050627,"UMA NOVA HISTÓRIA PARA SERGIPE","PMN / PATRIOTA","SE"
260000050282,"DIGNIDADE PARA O POVO ","DEM / PRTB / PV","SE"
260000050754,"PARTIDO ISOLADO","PCB","SE"
260000050197,"SERGIPE QUER MUDANÇA","PPS / PTC / SOLIDARIEDADE","SE"
260000050015,"PARTIDO ISOLADO","PSOL","SE"
260000050559,"SERGIPE MERECE MAIS","PSB / PDT / PPL / PTB / PROS / PRP","SE"
260000050581,"PARTIDO ISOLADO","PMB","SE"
260000050391,"UM NOVO GOVERNO PARA NOSSA GENTE","PSB / PDT / PPL / PTB / PROS / PRP","SE"
260000050016,"PARTIDO ISOLADO","NOVO","SE"
250000050020,"PARTIDO ISOLADO","PROS","SP"
250000050048,"SEM MEDO DE MUDAR SÃO PAULO","PSOL / PCB","SP"
250000050086,"PARTIDO ISOLADO","PATRIOTA","SP"
250000050356,"PARTIDO ISOLADO","PSL","SP"
250000050480,"PARTIDO ISOLADO","PRP","SP"
250000050304,"PARTIDO ISOLADO","PV","SP"
250000050187,"PARTIDO ISOLADO","AVANTE","SP"
250000050056,"PARTIDO ISOLADO","NOVO","SP"
250000050504,"PARTIDO ISOLADO","PR","SP"
250000050165,"PSDB-PSD-DEM-PP-PRB","PSDB / PSD / DEM / PP / PRB","SP"
250000050112,"PARTIDO ISOLADO","MDB","SP"
250000050366,"UNIDOS POR SÃO PAULO","PMB / PHS / PODE","SP"
250000050261,"PARTIDO ISOLADO","PPL","SP"
250000050631,"PARTIDO ISOLADO","PRTB","SP"
250000050327,"PARTIDO ISOLADO","DC","SP"
250000050635,"SÃO PAULO DO TRABALHO  E DE OPORTUNIDADES","PT / PC do B","SP"
250000050405,"Coligação PSB, PTB, PV, PSC, PPS","PSB / PSC / PPS / PTB / PV","SP"
250000050636,"PARTIDO ISOLADO","PT","SP"
250000050175,"PARTIDO ISOLADO","PRB","SP"
250000050402,"Coligação PSB, PTB, PPS, PSC","PSB / PSC / PPS / PTB","SP"
250000050143,"PARTIDO ISOLADO","SOLIDARIEDADE","SP"
250000050632,"PARTIDO ISOLADO","PODE","SP"
250000050400,"São Paulo Confia e Avança","PSB / PSC / PPS / PTB / PV / PR / PODE / PMB / PHS / PPL / PRP / PATRIOTA / PROS / SOLIDARIEDADE / AVANTE","SP"
250000050629,"PARTIDO ISOLADO","PDT","SP"
250000050157,"PSDB-PSD-DEM-PP","PSDB / PSD / DEM / PP","SP"
250000050183,"PARTIDO ISOLADO","PC do B","SP"
250000050515,"PARTIDO ISOLADO","PTC","SP"
250000050467,"Coligação Mobilização Sustentável por São Paulo","PMN / REDE","SP"
250000050221,"RENOVAÇÃO ","PMB / PHS","SP"
250000050409,"SÃO PAULO ACIMA DE TUDO, DEUS ACIMA DE TODOS","PRTB / PSL","SP"
250000050407,"PARTIDO ISOLADO","PCO","SP"
250000050235,"PARTIDO ISOLADO","PSTU","SP"
250000050340,"AceleraSP","PSDB / DEM / PSD / PRB / PP / PTC","SP"
250000050837,"PARTIDO ISOLADO","DC","SP"
270000050735,"PARTIDO ISOLADO","PRTB","TO"
270000050711,"Coligação Frente Alternativa 3","REDE / PDT / PSD / PV / PTB","TO"
270000050293,"RENOVA TOCANTINS","PSB / PSDB / PR / PODE / MDB / PSC","TO"
270000050488,"TOCANTINS DE OPORTUNIDADES 1","PHS / PROS / PP / DEM / AVANTE / PATRIOTA / SOLIDARIEDADE / PRB / PTC","TO"
270000050750,"JUNTOS SOMOS MAIS FORTES","PPS / PPL / DC","TO"
270000050751,"JUNTOS SOMOS MAIS FORTES 1","PPS / PPL / DC","TO"
270000050543,"Tocantins Democrático e Popular","PT / PC do B","TO"
270000050676,"PARTIDO ISOLADO","PSOL","TO"
270000050684,"JUNTO COM O POVO","PSL / PMB / PRP / PMN","TO"
270000050737,"FRENTE ALTERNATIVA 2","PRTB / PDT / PTB","TO"
270000050710,"Coligação Frente Alternativa","REDE / PRTB / PTB / PC do B / PT / PV / PDT / PSD","TO"
270000050713," Frente Alternativa 1","PT / PC do B / PV / PSD / REDE","TO"
270000050083,"A VERDADEIRA MUDANÇA","PSB / MDB / PR / PODE / PSC / PSDB","TO"
270000050685,"PARTIDO ISOLADO","PSL","TO"
270000050487,"TOCANTINS DE OPORTUNIDADES","PHS / AVANTE / PROS / DEM / PTC / PP / SOLIDARIEDADE / PATRIOTA / PRB","TO"
270000050486,"GOVERNO DE ATITUDE","PHS / SOLIDARIEDADE / PP / DEM / PTC / PRB / AVANTE / PATRIOTA / PROS","TO"
